Date,VIX P/C Ratio,VIX Options Volume,SPX P/C Ratio,SPX Options Volume
2010-07-07,0.79,184762,0.91,634363
2010-07-08,1.25,141024,1.12,531457
2010-07-09,0.56,196082,1.2,691937
2010-07-12,2.01,241936,1.49,704517
2010-07-13,0.97,159440,1.25,1172241
2010-07-14,0.63,150420,1.01,944670
2010-07-15,0.62,135151,0.87,787330
2010-07-16,0.45,172489,2.22,604783
2010-07-19,0.39,266417,1.76,435914
2010-07-20,1.54,247097,1.49,431117
2010-07-21,0.38,122607,2.48,695960
2010-07-22,1.19,410936,1.27,409529
2010-07-23,0.46,95401,1.59,483093
2010-07-26,0.84,183275,1.7,407910
2010-07-27,1.65,212175,1.4,480287
2010-07-28,0.71,101961,1.99,317809
2010-07-29,0.81,83166,1.74,326967
2010-07-30,0.43,141557,1.18,422311
2010-08-02,1.51,291970,2.1,610370
2010-08-03,0.44,134923,1.27,440900
2010-08-04,0.22,152222,3.29,435308
2010-08-05,0.69,116794,2.67,395416
2010-08-06,0.51,195806,1.74,439807
2010-08-09,0.6,294623,2.01,352074
2010-08-10,1.42,460448,2.49,436645
2010-08-11,0.66,264769,1.64,767856
2010-08-12,0.3,227260,2.98,594041
2010-08-13,0.94,189610,1.83,424608
2010-08-16,0.46,189692,1.55,627900
2010-08-17,1.79,378472,1.72,732311
2010-08-18,0.68,256548,1.92,1054295
2010-08-19,0.32,198450,1.31,1023300
2010-08-20,0.61,286552,2.03,703480
2010-08-23,1.03,181621,1.78,445320
2010-08-24,0.93,229423,0.87,544177
2010-08-25,0.83,140099,1.97,625587
2010-08-26,0.47,199741,1.47,594358
2010-08-27,0.32,132615,1.11,724892
2010-08-30,0.37,161730,3.04,480412
2010-08-31,0.52,120560,1.82,464174
2010-09-01,1.78,295374,1.21,967162
2010-09-02,1.54,305082,1.31,484885
2010-09-03,1.87,296329,2.08,678660
2010-09-07,0.89,198734,2.0,488986
2010-09-08,0.54,268677,2.04,599305
2010-09-09,2.39,269286,1.88,753015
2010-09-10,0.77,328125,1.95,692084
2010-09-13,1.71,365489,0.92,932887
2010-09-14,1.5,296579,1.58,888211
2010-09-15,0.45,296494,1.53,1145798
2010-09-16,0.26,219411,1.03,1024876
2010-09-17,0.23,199843,2.4,564753
2010-09-20,0.41,118656,2.16,634978
2010-09-21,1.53,180529,2.01,717679
2010-09-22,0.6,378804,2.14,493302
2010-09-23,0.71,153832,1.7,379026
2010-09-24,0.5,113779,1.57,532041
2010-09-27,0.57,134463,1.73,451120
2010-09-28,2.83,253105,2.36,507575
2010-09-29,1.23,127384,1.42,465872
2010-09-30,0.65,231924,1.76,480847
2010-10-01,0.78,242762,1.32,439312
2010-10-04,0.18,181007,1.48,475366
2010-10-05,2.09,462919,1.16,788021
2010-10-06,1.5,292932,1.43,495201
2010-10-07,0.46,197889,1.38,536222
2010-10-08,0.79,281010,1.69,545053
2010-10-11,0.55,340285,1.49,728162
2010-10-12,1.84,563637,1.79,609707
2010-10-13,0.34,537159,1.27,1285547
2010-10-14,0.77,413465,1.49,1007115
2010-10-15,0.35,342140,2.85,543005
2010-10-18,0.57,257058,1.45,436863
2010-10-19,0.72,322635,1.46,524646
2010-10-20,0.42,231804,1.93,966088
2010-10-21,0.28,295804,1.7,626925
2010-10-22,1.06,358620,1.06,525882
2010-10-25,1.36,268826,1.91,558590
2010-10-26,2.62,263330,1.97,489486
2010-10-27,0.54,226118,2.15,518824
2010-10-28,0.28,144190,2.22,539874
2010-10-29,1.07,309773,3.37,535212
2010-11-01,0.47,203543,2.57,461121
2010-11-02,0.74,269851,1.21,434316
2010-11-03,1.42,432688,1.97,513225
2010-11-04,1.12,546324,1.73,1295310
2010-11-05,1.1,243619,1.62,740397
2010-11-08,0.58,123342,1.25,482058
2010-11-09,1.37,307743,1.59,534475
2010-11-10,0.69,259463,1.61,539327
2010-11-11,0.42,246049,1.64,426494
2010-11-12,1.14,325592,1.22,876878
2010-11-15,0.56,337883,1.46,476137
2010-11-16,0.59,441069,1.8,1071066
2010-11-17,1.01,339963,1.6,1053270
2010-11-18,0.46,295672,1.19,1027509
2010-11-19,0.24,590076,1.09,679712
2010-11-22,0.14,238141,2.21,501485
2010-11-23,0.66,234611,1.99,541382
2010-11-24,0.44,251126,2.0,451728
2010-11-26,0.17,220587,2.07,210934
2010-11-29,0.64,199673,2.24,490749
2010-11-30,1.02,392798,2.12,503745
2010-12-01,0.72,136576,1.67,693990
2010-12-02,0.46,298798,1.58,719688
2010-12-03,1.02,443415,1.31,558338
2010-12-06,0.54,248271,1.32,604750
2010-12-07,0.52,370842,1.29,793752
2010-12-08,0.28,255265,2.05,608938
2010-12-09,1.07,427112,1.33,603367
2010-12-10,1.15,271743,1.48,804107
2010-12-13,0.51,359229,1.26,680893
2010-12-14,0.18,324247,1.1,686490
2010-12-15,0.22,378224,1.12,690167
2010-12-16,0.31,485258,1.1,635033
2010-12-17,0.36,464665,2.45,612458
2010-12-20,0.66,254687,1.92,383441
2010-12-21,0.38,215482,1.54,427356
2010-12-22,0.56,360785,2.75,581133
2010-12-23,0.22,135214,1.96,335299
2010-12-27,0.36,68236,2.06,163170
2010-12-28,0.79,95118,1.45,278072
2010-12-29,1.17,149213,1.74,272712
2010-12-30,0.81,180375,2.31,344288
2010-12-31,0.2,68351,1.97,254217
2011-01-03,0.47,357035,1.41,683773
2011-01-04,0.44,394354,1.5,435383
2011-01-05,0.4,445602,1.81,587175
2011-01-06,0.54,318745,0.86,688202
2011-01-07,0.69,219939,1.79,542405
2011-01-10,0.64,435216,1.59,350410
2011-01-11,0.69,479459,1.9,597969
2011-01-12,0.85,469501,1.29,687164
2011-01-13,0.35,373948,1.39,556108
2011-01-14,0.49,533455,1.46,609069
2011-01-18,0.37,598304,1.48,726990
2011-01-19,0.5,647421,2.28,1328030
2011-01-20,0.61,274344,1.65,876059
2011-01-21,0.74,307424,1.57,613995
2011-01-24,0.53,222234,2.06,428963
2011-01-25,0.28,218027,2.44,544731
2011-01-26,1.21,375393,1.06,624879
2011-01-27,1.24,522506,2.66,610026
2011-01-28,0.48,485554,2.31,881018
2011-01-31,0.79,310203,3.06,602190
2011-02-01,0.42,402291,1.21,773273
2011-02-02,0.7,197663,2.35,392685
2011-02-03,0.91,237780,1.67,507778
2011-02-04,0.45,371790,1.85,492177
2011-02-07,0.68,445283,1.85,572808
2011-02-08,0.68,217482,1.37,566637
2011-02-09,1.01,286072,1.46,698001
2011-02-10,0.34,478450,1.66,411309
2011-02-11,0.4,330697,1.84,692522
2011-02-14,0.89,276327,2.09,675360
2011-02-15,0.31,474432,1.79,545265
2011-02-16,0.54,358599,1.88,1209481
2011-02-17,0.49,398505,1.22,858430
2011-02-18,0.19,351783,2.75,667554
2011-02-22,0.62,506446,2.51,689156
2011-02-23,0.67,708770,1.37,689788
2011-02-24,0.45,471065,2.59,654582
2011-02-25,0.71,346978,1.88,647441
2011-02-28,1.04,258914,2.3,512086
2011-03-01,0.42,319414,2.31,684617
2011-03-02,0.32,543643,2.02,558368
2011-03-03,0.74,422137,1.6,698564
2011-03-04,0.35,595077,1.98,663983
2011-03-07,0.24,433272,2.28,467287
2011-03-08,0.8,306605,1.55,793061
2011-03-09,1.01,257693,2.27,525890
2011-03-10,0.44,644844,1.35,751864
2011-03-11,0.99,525994,2.08,667737
2011-03-14,0.44,715565,1.8,942348
2011-03-15,0.42,1163852,1.69,1143239
2011-03-16,0.33,841508,2.51,1645571
2011-03-17,0.25,712535,2.17,1231361
2011-03-18,0.47,349463,2.02,710217
2011-03-21,0.28,317353,2.0,712690
2011-03-22,0.21,555524,1.98,531028
2011-03-23,0.51,342516,1.4,517599
2011-03-24,0.56,371008,2.23,567242
2011-03-25,0.42,415996,1.99,647406
2011-03-28,0.32,183836,1.82,479096
2011-03-29,0.78,188447,1.73,374713
2011-03-30,0.34,349429,1.49,553617
2011-03-31,0.76,217300,2.1,479005
2011-04-01,0.54,324960,2.22,799009
2011-04-04,0.52,195184,2.15,515379
2011-04-05,0.23,213448,1.69,568136
2011-04-06,0.2,245134,1.48,411260
2011-04-07,0.47,223522,1.93,509128
2011-04-08,0.23,344667,1.73,620662
2011-04-11,0.67,169529,1.37,547261
2011-04-12,0.53,262224,1.5,801414
2011-04-13,0.18,558552,1.68,640128
2011-04-14,0.16,262122,1.58,984737
2011-04-15,1.22,345822,2.14,621979
2011-04-18,0.4,445788,1.81,529612
2011-04-19,0.71,486113,1.17,490083
2011-04-20,0.7,500708,2.17,823789
2011-04-21,0.49,287783,1.6,604392
2011-04-25,0.26,121354,1.3,209113
2011-04-26,0.23,202016,1.15,623098
2011-04-27,1.2,345674,1.21,509664
2011-04-28,0.35,513024,1.96,541805
2011-04-29,0.52,265647,1.75,735920
2011-05-02,0.51,182366,1.38,567584
2011-05-03,0.39,318780,1.84,540934
2011-05-04,0.87,369293,2.08,432621
2011-05-05,1.36,446203,1.94,601038
2011-05-06,0.41,382407,1.85,601669
2011-05-09,0.17,288044,1.94,321320
2011-05-10,0.52,439503,1.54,462062
2011-05-11,0.29,244915,2.2,645311
2011-05-12,0.22,335905,1.8,512082
2011-05-13,0.15,323993,1.81,523405
2011-05-16,0.5,452729,1.88,665265
2011-05-17,0.38,460100,1.89,845859
2011-05-18,0.62,468338,1.15,980442
2011-05-19,0.49,513910,1.8,1008972
2011-05-20,0.32,333533,2.08,698801
2011-05-23,0.37,235437,2.13,819825
2011-05-24,0.26,233207,1.84,460639
2011-05-25,0.33,201908,1.3,469085
2011-05-26,0.56,251933,1.76,623551
2011-05-27,0.19,334598,1.2,498035
2011-05-31,0.25,455204,1.61,416130
2011-06-01,0.68,281867,2.19,773672
2011-06-02,0.33,225323,1.61,630491
2011-06-03,1.59,283675,2.23,781667
2011-06-06,0.3,184945,1.46,820707
2011-06-07,0.69,249548,1.4,772122
2011-06-08,0.2,422379,1.77,823261
2011-06-09,0.27,235220,1.43,668174
2011-06-10,0.19,393390,1.77,936397
2011-06-13,0.35,409551,1.67,833561
2011-06-14,0.76,594927,1.5,974830
2011-06-15,0.24,685208,2.86,1596316
2011-06-16,0.29,959607,1.92,1201093
2011-06-17,0.29,461730,2.03,682654
2011-06-20,0.47,267729,1.65,561939
2011-06-21,0.28,252452,1.57,799828
2011-06-22,0.4,445057,2.01,525295
2011-06-23,0.42,359253,2.41,768599
2011-06-24,0.71,220244,2.11,620817
2011-06-27,0.08,485723,2.42,593332
2011-06-28,0.31,255710,1.43,786548
2011-06-29,0.45,397327,1.4,762108
2011-06-30,0.44,433806,1.38,1005324
2011-07-01,0.87,550436,1.3,1016889
2011-07-05,0.91,320476,1.87,731072
2011-07-06,0.41,225062,2.04,601212
2011-07-07,0.6,275669,1.15,1134197
2011-07-08,0.42,267348,1.65,707482
2011-07-11,0.34,456639,2.88,979109
2011-07-12,0.35,459577,2.24,953741
2011-07-13,0.53,313203,1.86,778581
2011-07-14,0.28,627019,2.0,1122582
2011-07-15,0.66,460820,2.48,690271
2011-07-18,0.4,510347,1.99,755013
2011-07-19,0.29,678082,1.63,495869
2011-07-20,0.16,555511,1.98,633984
2011-07-21,0.2,578653,1.16,768418
2011-07-22,0.32,425936,1.58,536714
2011-07-25,0.16,221223,1.65,510289
2011-07-26,0.32,397722,1.99,389505
2011-07-27,0.34,516219,2.92,809520
2011-07-28,0.69,496019,1.6,631829
2011-07-29,0.43,545406,2.3,1032235
2011-08-01,0.42,508290,2.41,899957
2011-08-02,0.3,630799,2.1,1288340
2011-08-03,0.63,446094,1.51,1270033
2011-08-04,0.25,970765,2.24,1702275
2011-08-05,0.3,1195085,2.59,2152643
2011-08-08,0.44,930230,2.04,2145518
2011-08-09,0.57,929475,2.64,1997429
2011-08-10,0.92,692877,1.74,1450166
2011-08-11,1.03,650592,1.38,1509679
2011-08-12,0.63,536622,1.79,1189104
2011-08-15,0.83,447855,2.1,1090462
2011-08-16,0.45,730961,1.4,1149336
2011-08-17,0.82,520987,2.19,1460886
2011-08-18,0.66,734689,1.94,1923483
2011-08-19,0.6,529916,1.67,1077333
2011-08-22,0.8,347707,2.01,746175
2011-08-23,0.53,469913,1.78,917251
2011-08-24,0.97,272231,1.73,1002038
2011-08-25,1.43,461613,1.72,698933
2011-08-26,1.34,614062,1.65,963209
2011-08-29,0.58,262153,2.26,968329
2011-08-30,0.59,179613,1.84,849490
2011-08-31,0.81,516574,1.4,965853
2011-09-01,0.4,358036,1.78,962422
2011-09-02,0.89,247581,1.88,956097
2011-09-06,1.1,463906,1.88,962230
2011-09-07,0.22,477586,1.98,1022153
2011-09-08,0.93,302476,1.26,871366
2011-09-09,0.54,448569,1.8,1512869
2011-09-12,0.52,485805,2.2,1156144
2011-09-13,0.49,410303,1.71,1132912
2011-09-14,0.8,386253,1.49,1306529
2011-09-15,0.97,380433,1.28,1373003
2011-09-16,0.63,627425,1.76,841562
2011-09-19,0.49,475494,2.33,503664
2011-09-20,0.79,425780,1.91,607829
2011-09-21,0.87,449002,2.66,1265647
2011-09-22,0.53,643226,2.75,1145921
2011-09-23,2.03,346392,1.31,838721
2011-09-26,3.09,268771,1.86,574911
2011-09-27,0.85,192860,1.82,825090
2011-09-28,1.73,241459,2.45,581337
2011-09-29,1.01,211740,2.2,693899
2011-09-30,0.9,449131,1.49,750539
2011-10-03,0.87,426318,2.29,989831
2011-10-04,0.76,435434,1.98,1334007
2011-10-05,1.02,345440,1.91,896547
2011-10-06,0.91,229109,1.7,1028015
2011-10-07,1.15,257706,2.16,817404
2011-10-10,0.93,248940,1.96,769199
2011-10-11,2.71,592256,1.9,741585
2011-10-12,2.09,584722,1.7,1186362
2011-10-13,0.57,261600,1.4,706635
2011-10-14,0.72,501990,1.71,796217
2011-10-17,0.47,323656,2.05,853621
2011-10-18,0.58,389694,1.64,869215
2011-10-19,0.62,247395,1.78,1362345
2011-10-20,1.72,351940,1.4,1140973
2011-10-21,0.81,400233,2.12,892686
2011-10-24,0.71,354678,2.24,1040240
2011-10-25,1.05,297507,1.94,517762
2011-10-26,1.33,255886,1.63,469060
2011-10-27,0.94,938385,1.6,1333516
2011-10-28,1.62,474376,1.54,708156
2011-10-31,0.59,262499,3.02,701449
2011-11-01,0.95,586147,2.29,1092198
2011-11-02,0.96,350391,2.29,634881
2011-11-03,0.72,256052,1.55,830478
2011-11-04,0.31,170638,1.57,550994
2011-11-07,0.59,167467,2.3,502646
2011-11-08,0.89,377424,1.91,698838
2011-11-09,0.62,520337,2.17,1040378
2011-11-10,1.03,341891,1.96,628382
2011-11-11,0.47,381877,1.48,721341
2011-11-14,1.35,370479,1.2,818601
2011-11-15,0.59,410483,1.59,762553
2011-11-16,1.15,333263,2.54,1325652
2011-11-17,0.44,409395,2.14,1532505
2011-11-18,0.23,677187,1.05,809198
2011-11-21,0.62,140763,1.81,802481
2011-11-22,0.71,150387,1.66,741025
2011-11-23,1.18,183041,2.16,1064146
2011-11-25,1.0,117973,1.88,443898
2011-11-28,0.32,183763,2.71,534496
2011-11-29,0.62,139909,2.07,615122
2011-11-30,0.42,447599,2.33,1009543
2011-12-01,0.72,311340,1.54,786348
2011-12-02,0.61,368150,1.67,745220
2011-12-05,0.45,222247,1.52,741497
2011-12-06,0.13,266457,1.4,651055
2011-12-07,0.56,226315,1.17,728524
2011-12-08,0.55,209156,1.23,749258
2011-12-09,1.49,320880,1.61,903325
2011-12-12,0.74,248493,1.66,760474
2011-12-13,1.18,320238,1.57,1155780
2011-12-14,0.29,277105,1.74,1037173
2011-12-15,1.16,269318,1.8,952733
2011-12-16,0.97,431379,1.36,715310
2011-12-19,0.5,268828,1.6,473276
2011-12-20,1.12,370960,1.25,476733
2011-12-21,0.58,336227,2.53,716840
2011-12-22,0.47,249328,3.06,601696
2011-12-23,0.51,108070,1.84,362517
2011-12-27,0.35,57149,1.38,223433
2011-12-28,0.23,193648,2.19,298962
2011-12-29,0.51,42269,2.8,356411
2011-12-30,0.89,64733,1.49,305739
2012-01-03,0.26,280242,1.88,531861
2012-01-04,0.68,297398,1.99,418758
2012-01-05,0.52,423953,1.69,467582
2012-01-06,1.67,455238,1.45,570997
2012-01-09,0.7,210534,1.89,518271
2012-01-10,0.6,508006,1.44,637845
2012-01-11,0.49,206565,1.94,519692
2012-01-12,0.78,386788,1.58,570330
2012-01-13,0.13,745627,1.72,621400
2012-01-17,0.97,402581,1.44,693936
2012-01-18,0.44,432744,1.61,1321688
2012-01-19,0.92,461089,1.15,1086463
2012-01-20,0.87,465433,2.19,664491
2012-01-23,1.32,466235,2.23,531797
2012-01-24,0.34,267420,1.9,377393
2012-01-25,0.2,463472,1.68,441361
2012-01-26,0.72,308984,1.98,714598
2012-01-27,0.45,210412,1.75,566886
2012-01-30,0.36,182531,1.93,454429
2012-01-31,0.57,233182,1.59,383520
2012-02-01,0.33,434347,1.59,694260
2012-02-02,0.96,391274,1.97,416312
2012-02-03,0.43,622003,1.25,1105854
2012-02-06,0.64,275463,1.68,398667
2012-02-07,0.22,739678,2.63,459352
2012-02-08,0.67,518708,1.43,558771
2012-02-09,0.69,285491,1.54,696183
2012-02-10,0.51,643676,1.56,907416
2012-02-13,0.73,418573,2.27,678576
2012-02-14,0.94,622447,1.79,712961
2012-02-15,0.33,425037,2.41,1309639
2012-02-16,0.9,498000,1.65,1058675
2012-02-17,0.49,347592,2.12,638781
2012-02-21,0.64,403401,1.44,820013
2012-02-22,0.48,512804,2.11,703037
2012-02-23,0.63,513521,2.13,702888
2012-02-24,1.22,393058,2.24,679075
2012-02-27,0.29,279677,2.06,492968
2012-02-28,0.55,215328,1.21,533528
2012-02-29,1.28,537375,2.36,625096
2012-03-01,0.76,239142,2.35,605381
2012-03-02,0.71,490084,2.08,508317
2012-03-05,0.4,259576,2.09,490955
2012-03-06,0.78,418706,1.65,843603
2012-03-07,1.07,399618,1.77,557937
2012-03-08,0.78,309184,1.0,748725
2012-03-09,1.38,471550,1.46,637322
2012-03-12,0.7,299586,1.41,551266
2012-03-13,1.21,448933,1.35,1013063
2012-03-14,0.49,635063,1.03,842252
2012-03-15,0.41,308926,1.22,952864
2012-03-16,1.72,385336,2.07,662386
2012-03-19,0.85,613798,1.39,713063
2012-03-20,0.64,540838,2.19,615203
2012-03-21,0.82,1128120,2.78,776304
2012-03-22,1.25,337981,2.41,642594
2012-03-23,0.96,474676,2.49,551264
2012-03-26,1.23,677107,1.73,600944
2012-03-27,1.1,630820,2.49,644085
2012-03-28,0.75,439225,2.57,684231
2012-03-29,0.79,371279,1.7,713537
2012-03-30,0.47,323062,2.44,581530
2012-04-02,0.59,330231,1.65,650736
2012-04-03,1.55,369998,1.74,598390
2012-04-04,0.62,344909,1.8,585123
2012-04-05,0.72,552887,2.27,629138
2012-04-09,0.67,235632,2.39,618058
2012-04-10,0.4,559716,1.56,1128609
2012-04-11,0.68,567127,1.97,676031
2012-04-12,0.94,567880,1.93,729830
2012-04-13,0.43,547494,2.15,634211
2012-04-16,0.95,442065,1.56,660616
2012-04-17,0.6,673804,1.47,726485
2012-04-18,0.43,431593,2.66,855383
2012-04-19,0.6,302008,1.7,1048919
2012-04-20,0.24,298619,1.52,581404
2012-04-23,0.48,191479,1.06,579629
2012-04-24,0.43,251411,2.57,422552
2012-04-25,0.76,288474,1.47,527031
2012-04-26,0.39,343345,1.19,676811
2012-04-27,0.38,270815,1.82,582101
2012-04-30,0.54,572876,2.07,354107
2012-05-01,0.92,447768,1.66,510855
2012-05-02,0.25,388227,2.33,540073
2012-05-03,0.6,364201,1.03,595582
2012-05-04,0.36,341140,1.75,880366
2012-05-07,0.32,314825,1.34,497243
2012-05-08,0.58,461505,2.02,760468
2012-05-09,0.6,415114,1.67,709042
2012-05-10,0.81,305612,1.53,759115
2012-05-11,0.65,308870,2.46,614470
2012-05-14,0.52,511153,2.61,969017
2012-05-15,0.41,682140,2.3,926307
2012-05-16,0.23,702786,2.3,1311949
2012-05-17,0.57,432156,2.5,1788490
2012-05-18,0.67,552660,2.18,1199621
2012-05-21,0.66,446094,1.72,772413
2012-05-22,0.65,545612,1.69,833323
2012-05-23,0.37,479540,1.85,692700
2012-05-24,0.58,715285,1.56,781250
2012-05-25,1.64,387035,2.11,563886
2012-05-29,0.49,327588,1.61,673760
2012-05-30,0.18,278035,2.14,594930
2012-05-31,0.42,439499,2.16,836924
2012-06-01,0.28,439507,2.6,1250009
2012-06-04,0.32,432397,2.14,826290
2012-06-05,0.46,301967,2.17,745812
2012-06-06,0.69,641955,2.15,1068430
2012-06-07,0.66,623983,1.39,992103
2012-06-08,0.4,327924,1.21,708230
2012-06-11,0.25,538139,1.54,594690
2012-06-12,0.72,331967,1.54,609086
2012-06-13,0.85,298727,1.93,618839
2012-06-14,0.65,441878,1.37,922781
2012-06-15,1.23,683003,1.84,781426
2012-06-18,1.3,798260,1.73,651623
2012-06-19,0.85,831844,1.63,732423
2012-06-20,0.29,453289,1.98,836933
2012-06-21,0.53,416995,1.96,842273
2012-06-22,0.51,216362,1.53,714705
2012-06-25,0.83,261520,1.87,647452
2012-06-26,0.65,206285,1.52,442724
2012-06-27,0.73,172353,1.38,524882
2012-06-28,0.15,277507,1.92,491725
2012-06-29,0.85,397646,1.06,889198
2012-07-02,0.8,292143,1.67,597002
2012-07-03,0.88,287190,1.26,424945
2012-07-05,0.3,310786,1.59,516185
2012-07-06,0.3,227897,1.91,525409
2012-07-09,0.43,373163,2.0,477008
2012-07-10,0.44,317192,1.66,569284
2012-07-11,0.38,421822,1.21,563825
2012-07-12,0.73,761014,1.46,709050
2012-07-13,1.15,378650,1.53,785523
2012-07-16,0.57,272309,1.49,526834
2012-07-17,0.48,605553,1.09,805621
2012-07-18,0.41,640164,1.42,1007336
2012-07-19,0.31,462210,1.24,1007695
2012-07-20,0.25,333844,2.08,583005
2012-07-23,0.27,327500,1.39,555613
2012-07-24,0.19,446758,2.02,596248
2012-07-25,0.31,315709,1.39,518411
2012-07-26,0.62,188712,1.5,667566
2012-07-27,0.72,297081,1.19,921689
2012-07-30,0.29,258875,1.05,538275
2012-07-31,0.43,167125,1.01,472283
2012-08-01,1.09,199131,1.22,614975
2012-08-02,0.61,258452,1.21,728004
2012-08-03,0.93,586018,1.19,775198
2012-08-06,0.57,796694,1.49,515458
2012-08-07,0.32,270531,1.34,648620
2012-08-08,0.29,231074,1.38,471080
2012-08-09,0.55,359399,1.71,487706
2012-08-10,0.56,203577,1.49,461820
2012-08-13,0.32,643841,2.16,687322
2012-08-14,0.56,457365,1.77,590558
2012-08-15,0.22,318035,1.18,596373
2012-08-16,0.76,472164,1.08,1290713
2012-08-17,0.53,446737,1.56,572805
2012-08-20,0.83,361939,2.41,697650
2012-08-21,0.61,471643,1.26,704783
2012-08-22,0.64,665680,2.03,579067
2012-08-23,0.6,326139,1.63,670198
2012-08-24,0.31,255298,1.56,501144
2012-08-27,0.44,199963,1.86,339942
2012-08-28,0.44,187663,1.78,377075
2012-08-29,0.52,236024,1.74,340364
2012-08-30,0.82,299795,1.51,611128
2012-08-31,0.92,242733,1.66,544522
2012-09-04,0.74,255768,1.35,488860
2012-09-05,0.36,330564,2.06,449275
2012-09-06,0.87,676862,1.21,901798
2012-09-07,0.54,1048778,1.64,926993
2012-09-10,0.2,591936,1.98,637926
2012-09-11,0.47,1221403,1.8,754159
2012-09-12,0.4,546443,1.2,678493
2012-09-13,0.74,673029,0.96,1198916
2012-09-14,0.73,606056,0.99,1241654
2012-09-17,1.0,326582,1.33,622599
2012-09-18,0.84,539896,1.38,763316
2012-09-19,0.27,786033,1.42,967282
2012-09-20,0.32,528319,1.22,1007428
2012-09-21,0.42,400008,1.53,826594
2012-09-24,0.26,384493,2.11,526003
2012-09-25,0.53,503442,1.65,553371
2012-09-26,0.5,523161,1.71,642706
2012-09-27,0.37,381648,1.78,684617
2012-09-28,0.27,529386,2.21,629555
2012-10-01,0.42,281442,1.67,536695
2012-10-02,0.48,242498,2.17,420301
2012-10-03,0.67,479609,1.99,476098
2012-10-04,0.48,288471,1.55,702610
2012-10-05,0.38,459482,1.74,791794
2012-10-08,0.82,264301,1.82,334989
2012-10-09,0.55,490943,2.04,480842
2012-10-10,0.49,572858,1.74,670820
2012-10-11,0.42,363415,1.84,610256
2012-10-12,0.53,447066,2.05,769855
2012-10-15,0.23,618236,1.55,524121
2012-10-16,0.64,608955,1.04,674707
2012-10-17,0.4,1153343,1.74,1045479
2012-10-18,0.44,624146,1.41,1064037
2012-10-19,0.6,493974,2.02,951034
2012-10-22,0.37,297270,1.66,716139
2012-10-23,0.56,459349,1.03,864038
2012-10-24,0.34,277618,1.51,513381
2012-10-25,0.19,659141,1.64,558540
2012-10-26,0.56,171722,1.63,634787
2012-10-31,0.5,369824,1.36,550096
2012-11-01,0.63,351941,1.84,720107
2012-11-02,0.27,564413,1.4,712728
2012-11-05,0.48,422858,1.38,584156
2012-11-06,0.49,306118,1.44,632194
2012-11-07,0.61,349687,1.22,1153017
2012-11-08,0.41,317405,1.52,1080132
2012-11-09,0.44,305336,2.15,1188079
2012-11-12,0.65,490562,1.69,731955
2012-11-13,0.25,749741,1.28,775804
2012-11-14,0.34,516543,1.95,1316385
2012-11-15,0.47,458808,1.86,1470452
2012-11-16,0.41,633635,1.64,1156373
2012-11-19,0.57,1114630,1.26,650328
2012-11-20,1.47,632293,1.99,568229
2012-11-21,0.54,755702,2.17,609063
2012-11-23,0.64,260617,1.44,530638
2012-11-26,0.21,940774,1.18,560480
2012-11-27,0.55,555305,2.08,504530
2012-11-28,0.44,348294,1.12,542899
2012-11-29,0.92,741260,1.65,621343
2012-11-30,0.69,288193,1.83,638506
2012-12-03,0.35,641227,1.73,644288
2012-12-04,0.43,395824,1.89,618005
2012-12-05,0.4,366547,1.59,612061
2012-12-06,0.69,266175,1.81,589759
2012-12-07,0.34,497462,1.17,768138
2012-12-10,0.48,389858,1.53,582974
2012-12-11,0.44,470354,0.97,767591
2012-12-12,0.98,598381,1.51,693181
2012-12-13,0.57,514242,1.39,683924
2012-12-14,0.53,567602,1.63,750003
2012-12-17,0.43,365977,1.09,554555
2012-12-18,0.81,841018,1.09,1074763
2012-12-19,0.47,520111,1.38,1359521
2012-12-20,0.59,540534,1.46,1220129
2012-12-21,0.73,512266,2.03,1066859
2012-12-24,0.46,86765,1.95,338759
2012-12-26,0.6,171436,1.78,510994
2012-12-27,0.79,617289,1.73,704918
2012-12-28,0.87,476099,1.7,752481
2012-12-31,0.71,773670,1.52,769983
2013-01-02,0.87,971092,1.48,1142130
2013-01-03,0.8,851674,1.22,926297
2013-01-04,0.55,673320,1.0,755962
2013-01-07,0.68,798323,1.45,785573
2013-01-08,0.38,741087,2.08,657439
2013-01-09,0.59,579549,1.33,777428
2013-01-10,0.31,631254,1.19,784223
2013-01-11,0.17,830196,1.36,711298
2013-01-14,0.46,474079,1.56,661647
2013-01-15,0.88,750274,1.8,691674
2013-01-16,0.35,858808,1.85,942957
2013-01-17,0.45,543374,1.02,1229352
2013-01-18,0.38,806992,1.51,772196
2013-01-22,0.79,857203,1.53,841458
2013-01-23,0.51,749745,1.49,688714
2013-01-24,0.43,845923,1.3,1126903
2013-01-25,0.46,388630,1.29,773464
2013-01-28,0.46,296670,1.55,526134
2013-01-29,0.51,408179,1.78,753772
2013-01-30,0.45,486643,2.43,596257
2013-01-31,0.34,736995,1.98,507833
2013-02-01,0.42,490857,1.94,895914
2013-02-04,0.8,366264,1.96,659160
2013-02-05,0.31,334984,1.73,573578
2013-02-06,0.87,457394,1.86,538297
2013-02-07,0.52,288933,1.75,651705
2013-02-08,0.64,377312,1.57,800361
2013-02-11,0.58,250235,1.99,631411
2013-02-12,0.75,700536,1.4,716996
2013-02-13,0.26,747556,1.86,804177
2013-02-14,0.28,639660,1.4,817149
2013-02-15,0.35,428197,2.08,912428
2013-02-19,0.76,563925,1.89,828851
2013-02-20,0.5,625977,2.13,848225
2013-02-21,0.83,738539,1.55,1128039
2013-02-22,0.63,357897,1.89,714455
2013-02-25,0.49,647549,2.18,945576
2013-02-26,0.47,1390587,1.79,1074713
2013-02-27,0.74,697888,1.8,948299
2013-02-28,0.4,413470,1.84,721156
2013-03-01,0.53,507806,1.99,839912
2013-03-04,0.65,319932,2.19,751015
2013-03-05,0.5,315195,1.29,1410946
2013-03-06,0.26,607694,1.23,839847
2013-03-07,0.6,246119,1.42,729710
2013-03-08,0.61,746503,1.35,989137
2013-03-11,0.76,732710,1.42,865448
2013-03-12,0.57,459806,1.38,1145326
2013-03-13,0.32,537880,1.15,743569
2013-03-14,0.4,882581,1.09,1045947
2013-03-15,0.42,475345,1.92,869962
2013-03-18,0.54,925559,1.64,626774
2013-03-19,0.45,1392621,1.97,838935
2013-03-20,0.24,1349395,1.83,931772
2013-03-21,0.27,775875,1.63,846168
2013-03-22,0.41,870890,1.96,667421
2013-03-25,0.27,849999,2.3,654416
2013-03-26,0.3,503613,1.54,585367
2013-03-27,0.31,455623,1.24,548441
2013-03-28,0.25,306826,1.5,814034
2013-04-01,0.31,247539,1.27,430766
2013-04-02,0.36,580226,1.29,675927
2013-04-03,0.56,559200,1.38,884952
2013-04-04,0.84,572057,1.43,637366
2013-04-05,0.38,518928,1.29,884713
2013-04-08,0.5,369161,1.09,481391
2013-04-09,0.17,837923,1.11,706722
2013-04-10,0.57,573070,1.01,1210612
2013-04-11,0.34,462924,1.08,1184459
2013-04-12,0.77,524768,1.41,920190
2013-04-15,0.48,1391273,1.9,1092966
2013-04-16,0.41,1155790,1.31,673970
2013-04-17,0.54,958251,2.02,1302480
2013-04-18,0.85,714659,1.43,1345896
2013-04-19,0.61,360053,1.54,797974
2013-04-22,0.44,259694,1.73,557633
2013-04-23,0.61,611572,1.29,831286
2013-04-24,0.39,475295,1.3,623766
2013-04-25,0.7,251166,1.44,613280
2013-04-26,0.3,263557,1.54,687732
2013-04-29,0.46,224413,1.68,506520
2013-04-30,0.32,449757,1.66,488381
2013-05-01,0.38,297721,1.56,680611
2013-05-02,0.36,457987,1.68,820489
2013-05-03,0.61,365695,1.01,1485171
2013-05-06,0.58,398199,1.04,787263
2013-05-07,0.84,333580,1.16,889966
2013-05-08,0.52,309611,1.06,1021091
2013-05-09,0.5,399209,1.27,1037123
2013-05-10,0.11,697245,1.62,851413
2013-05-13,0.43,259819,1.25,628510
2013-05-14,0.78,349568,1.07,1444172
2013-05-15,0.37,616441,0.86,1346713
2013-05-16,1.1,487030,1.55,1061331
2013-05-17,0.54,797736,1.43,1034545
2013-05-20,0.51,611582,1.46,701728
2013-05-21,0.61,949090,1.63,795567
2013-05-22,0.56,788739,1.33,1447323
2013-05-23,0.41,549450,1.51,895328
2013-05-24,1.12,405241,2.14,760527
2013-05-28,0.61,410814,1.6,561568
2013-05-29,0.29,630261,1.35,667307
2013-05-30,0.33,311297,1.87,600364
2013-05-31,0.75,394117,1.83,963744
2013-06-03,0.64,596785,1.19,833051
2013-06-04,0.99,428841,1.79,627937
2013-06-05,0.91,720192,1.45,1261018
2013-06-06,1.04,725256,1.86,1391276
2013-06-07,0.78,568381,1.58,982500
2013-06-10,0.75,485362,1.8,477967
2013-06-11,0.37,728292,1.84,652776
2013-06-12,0.61,688416,1.88,738365
2013-06-13,0.77,667893,1.59,906669
2013-06-14,0.98,716137,1.66,891711
2013-06-17,0.75,831632,1.48,723213
2013-06-18,0.61,689207,1.1,757203
2013-06-19,0.67,774363,1.75,978367
2013-06-20,0.64,766083,1.76,2305074
2013-06-21,0.66,493892,1.69,1344145
2013-06-24,0.75,329907,1.46,1384245
2013-06-25,1.02,390861,2.0,740900
2013-06-26,0.27,502604,1.48,788927
2013-06-27,0.58,462444,1.72,944333
2013-06-28,0.75,379820,1.73,709962
2013-07-01,0.49,406919,1.71,647272
2013-07-02,0.88,276907,1.32,778933
2013-07-03,0.82,244124,1.81,420540
2013-07-05,0.81,357230,1.5,708076
2013-07-08,0.65,993594,1.52,1152061
2013-07-09,0.84,758329,1.13,962513
2013-07-10,0.65,502584,1.25,768435
2013-07-11,1.73,539141,1.2,1255396
2013-07-12,0.24,624131,1.35,898139
2013-07-15,0.7,728221,1.22,925094
2013-07-16,0.68,636812,1.74,764357
2013-07-17,0.66,620200,1.45,934032
2013-07-18,0.5,627565,1.15,1242677
2013-07-19,0.45,393849,1.38,633269
2013-07-22,0.43,225669,2.29,520540
2013-07-23,0.51,386492,1.62,461092
2013-07-24,0.48,245311,1.91,519633
2013-07-25,0.75,362847,1.65,543391
2013-07-26,0.52,290655,1.96,788298
2013-07-29,0.31,180814,1.95,414743
2013-07-30,0.34,271022,1.35,543402
2013-07-31,0.59,572459,1.65,619053
2013-08-01,0.64,377711,1.25,1042574
2013-08-02,0.59,542783,1.74,821647
2013-08-05,0.52,508320,1.58,618836
2013-08-06,0.2,1351177,2.77,575643
2013-08-07,0.62,493496,1.67,535640
2013-08-08,0.43,508280,1.35,652170
2013-08-09,0.28,263465,2.1,677298
2013-08-12,0.32,371341,1.46,483145
2013-08-13,0.56,517854,1.28,665886
2013-08-14,0.35,470455,1.73,690252
2013-08-15,0.39,1005883,1.48,1290459
2013-08-16,0.37,595439,1.91,927443
2013-08-19,0.93,593282,1.76,741474
2013-08-20,0.36,762344,1.72,601199
2013-08-21,0.3,915626,2.41,1047951
2013-08-22,0.3,278681,1.7,643273
2013-08-23,0.26,219111,2.1,590649
2013-08-26,0.57,396494,2.0,414050
2013-08-27,0.75,647819,1.7,1052496
2013-08-28,0.77,370500,1.14,787411
2013-08-29,0.5,403827,1.83,595291
2013-08-30,0.4,394902,2.12,643421
2013-09-03,0.27,648364,2.03,618523
2013-09-04,0.27,588381,1.54,665994
2013-09-05,0.32,380029,1.98,633679
2013-09-06,0.49,424130,1.61,868877
2013-09-09,0.24,582183,1.32,537771
2013-09-10,0.22,800222,1.43,906372
2013-09-11,0.68,596286,1.4,1025943
2013-09-12,0.29,532476,1.4,738316
2013-09-13,0.31,519748,1.45,598885
2013-09-16,0.57,362129,1.22,1009230
2013-09-17,0.52,870507,1.55,752116
2013-09-18,0.72,793220,1.04,1462798
2013-09-19,0.37,473603,0.96,1233186
2013-09-20,0.68,549165,1.8,893765
2013-09-23,0.55,349117,2.09,723876
2013-09-24,0.74,393509,1.52,604121
2013-09-25,0.46,366747,1.99,678975
2013-09-26,0.3,280139,1.35,696514
2013-09-27,0.37,637314,1.85,904485
2013-09-30,0.46,830664,2.4,818126
2013-10-01,0.4,561322,1.79,742147
2013-10-02,0.35,858964,1.43,774912
2013-10-03,0.63,1380465,1.54,930075
2013-10-04,0.66,811981,1.77,792064
2013-10-07,0.46,645650,2.04,576382
2013-10-08,0.56,1782329,1.59,1042255
2013-10-09,0.79,1396346,1.68,1077880
2013-10-10,0.59,1202663,1.45,1174212
2013-10-11,0.5,604347,1.9,897049
2013-10-14,0.66,830436,1.44,925322
2013-10-15,0.52,1114258,1.48,931620
2013-10-16,0.65,1241741,1.59,1370650
2013-10-17,0.63,838750,1.24,1648942
2013-10-18,0.42,1079494,1.38,1351884
2013-10-21,0.67,344539,1.5,681931
2013-10-22,0.79,285618,1.06,913890
2013-10-23,0.58,304463,1.81,649083
2013-10-24,0.52,247789,1.53,586384
2013-10-25,0.8,197071,1.68,569230
2013-10-28,0.2,161436,1.53,871930
2013-10-29,0.56,437331,1.7,564468
2013-10-30,0.53,392678,1.39,1027424
2013-10-31,0.8,261115,1.59,687173
2013-11-01,0.17,200402,1.58,671439
2013-11-04,0.36,479732,1.69,511370
2013-11-05,0.33,517804,1.32,562859
2013-11-06,0.73,366984,1.37,593749
2013-11-07,0.23,667970,1.57,814178
2013-11-08,0.37,272519,1.74,825205
2013-11-11,0.6,333851,1.16,610311
2013-11-12,0.57,278170,0.97,897935
2013-11-13,0.32,468526,1.34,833891
2013-11-14,0.8,765511,1.11,1362702
2013-11-15,0.52,492264,1.58,764228
2013-11-18,0.54,681791,1.55,756080
2013-11-19,0.37,876000,1.28,717923
2013-11-20,0.43,661156,2.21,860043
2013-11-21,0.71,791107,1.67,521406
2013-11-22,1.43,647813,1.34,781171
2013-11-25,0.51,276814,1.53,637533
2013-11-26,0.17,301646,1.59,560164
2013-11-27,0.33,312871,1.42,610864
2013-11-29,0.66,90677,1.43,657375
2013-12-02,0.31,428375,1.58,544158
2013-12-03,0.45,550437,1.76,647784
2013-12-04,0.54,365897,1.63,773524
2013-12-05,0.46,356145,1.42,851478
2013-12-06,0.47,345245,1.8,901538
2013-12-09,1.33,296987,1.43,637079
2013-12-10,0.32,367143,1.82,625488
2013-12-11,0.82,641738,1.24,862276
2013-12-12,0.28,678395,1.34,842270
2013-12-13,0.39,561408,2.07,886527
2013-12-16,0.38,563458,1.88,630086
2013-12-17,0.72,794573,1.44,763986
2013-12-18,0.46,659976,1.34,1452943
2013-12-19,0.47,717831,1.0,1417025
2013-12-20,0.31,521738,2.08,1315977
2013-12-23,0.23,465438,1.4,643006
2013-12-24,0.22,383516,1.25,448103
2013-12-26,0.35,483483,1.08,683254
2013-12-27,0.23,299632,1.06,798170
2013-12-30,0.28,510847,1.32,686560
2013-12-31,0.28,381394,1.04,836233
2014-01-02,0.28,345150,1.8,1120830
2014-01-03,0.4,229443,1.96,893947
2014-01-06,0.27,549180,1.4,651528
2014-01-07,0.29,579192,2.03,631115
2014-01-08,0.28,489970,1.72,713624
2014-01-09,0.37,1031645,1.61,773273
2014-01-10,0.39,469549,1.42,883813
2014-01-13,0.26,1178453,1.63,949201
2014-01-14,0.37,754015,1.12,781054
2014-01-15,0.28,411084,1.11,877034
2014-01-16,0.22,489128,1.51,869633
2014-01-17,0.28,1044960,2.25,785793
2014-01-21,0.41,820229,2.04,546819
2014-01-22,0.48,819874,3.23,725572
2014-01-23,0.24,787380,2.1,970662
2014-01-24,0.44,1621799,1.97,1461339
2014-01-27,0.4,1251257,1.8,1413540
2014-01-28,0.52,749479,1.67,610882
2014-01-29,0.7,651192,1.64,920148
2014-01-30,0.73,688582,1.6,787130
2014-01-31,0.31,1684472,2.05,1056542
2014-02-03,0.29,2382752,1.85,1576721
2014-02-04,0.69,1132441,1.89,1061614
2014-02-05,0.59,1036155,1.9,814207
2014-02-06,0.57,1179000,1.86,941741
2014-02-07,0.38,1360982,1.46,1127647
2014-02-10,0.74,575294,1.5,610781
2014-02-11,0.57,1117822,1.53,1525898
2014-02-12,0.63,606434,1.4,722779
2014-02-13,0.58,517684,1.36,857514
2014-02-14,0.63,816538,1.35,1077267
2014-02-18,0.55,1072910,1.31,709568
2014-02-19,0.22,852276,1.81,1453937
2014-02-20,0.33,768135,1.95,903238
2014-02-21,0.21,471757,1.4,863082
2014-02-24,0.33,465767,1.37,907174
2014-02-25,0.29,450090,1.7,559807
2014-02-26,0.3,404627,1.69,597507
2014-02-27,0.34,318221,1.76,707173
2014-02-28,0.39,751323,1.4,1175563
2014-03-03,0.36,1090072,2.28,775077
2014-03-04,0.37,528853,1.81,879861
2014-03-05,0.5,331381,2.02,749778
2014-03-06,0.63,407625,1.66,894238
2014-03-07,0.3,586309,1.75,981109
2014-03-10,0.31,999125,2.28,588113
2014-03-11,0.3,558891,1.42,788932
2014-03-12,0.33,441254,1.76,686239
2014-03-13,0.59,1233185,1.41,1034054
2014-03-14,0.19,1837258,2.55,1061194
2014-03-17,0.57,1063998,1.52,639596
2014-03-18,0.21,1005437,1.87,879230
2014-03-19,0.38,672802,1.42,924591
2014-03-20,0.5,456224,1.71,941858
2014-03-21,0.26,344801,1.97,911099
2014-03-24,0.7,303705,1.85,696033
2014-03-25,0.39,563092,1.79,512576
2014-03-26,0.5,612671,1.95,802905
2014-03-27,0.48,350170,1.63,750833
2014-03-28,0.24,505606,1.89,921251
2014-03-31,0.47,352555,1.39,644787
2014-04-01,1.31,843555,2.16,710541
2014-04-02,0.28,839494,1.13,745299
2014-04-03,0.7,426378,1.21,690300
2014-04-04,0.17,842162,1.77,1214073
2014-04-07,0.35,706062,1.59,914717
2014-04-08,0.46,421346,1.67,567157
2014-04-09,0.43,441260,1.45,609580
2014-04-10,0.31,758175,1.64,960089
2014-04-11,0.35,1032406,1.95,1364719
2014-04-14,0.23,1524682,2.62,789048
2014-04-15,0.35,1151408,1.54,952306
2014-04-16,0.31,458069,1.49,1139600
2014-04-17,0.4,476003,1.47,844659
2014-04-21,0.31,278929,1.76,507889
2014-04-22,0.33,693492,1.18,896564
2014-04-23,0.44,195173,1.72,427748
2014-04-24,0.43,284172,1.7,576504
2014-04-25,0.26,339118,2.54,785460
2014-04-28,0.36,305628,1.37,507150
2014-04-29,0.63,171328,1.34,462065
2014-04-30,0.26,496302,1.76,416112
2014-05-01,0.25,628973,1.72,813742
2014-05-02,0.27,478454,1.79,784299
2014-05-05,0.3,239615,1.5,549386
2014-05-06,0.15,391552,1.35,586626
2014-05-07,0.3,360718,1.28,490811
2014-05-08,0.4,499181,1.42,724295
2014-05-09,0.27,580511,1.56,707263
2014-05-12,0.18,1512566,1.35,740778
2014-05-13,0.6,720630,1.23,711631
2014-05-14,0.68,512071,1.75,930557
2014-05-15,0.38,657113,1.47,1316104
2014-05-16,0.33,732008,1.73,921083
2014-05-19,0.42,329751,2.2,518776
2014-05-20,0.59,968050,2.15,617769
2014-05-21,0.26,1273540,2.16,981659
2014-05-22,0.44,586103,1.53,609713
2014-05-23,0.15,582815,1.31,803419
2014-05-27,0.28,404129,1.9,723925
2014-05-28,0.36,498580,1.72,633882
2014-05-29,0.35,446187,1.02,915671
2014-05-30,0.32,340800,1.47,804279
2014-06-02,0.58,435159,1.67,746819
2014-06-03,0.49,260788,1.99,592040
2014-06-04,0.23,502495,1.35,749146
2014-06-05,0.4,1253904,1.17,1290702
2014-06-06,0.71,872030,1.36,1187025
2014-06-09,0.63,476031,1.2,848087
2014-06-10,0.22,557255,1.66,736813
2014-06-11,0.36,603206,1.54,644469
2014-06-12,0.35,953293,1.73,791645
2014-06-13,0.25,927698,1.81,751932
2014-06-16,0.29,784565,2.15,649224
2014-06-17,0.43,782088,1.88,830031
2014-06-18,0.32,1070781,1.94,1291467
2014-06-19,0.29,715355,1.55,1156608
2014-06-20,0.12,571167,1.89,982119
2014-06-23,0.1,362768,2.02,560934
2014-06-24,0.25,521337,1.89,761860
2014-06-25,0.36,303098,2.05,568923
2014-06-26,0.27,368593,2.07,663198
2014-06-27,0.21,208546,2.01,784486
2014-06-30,0.4,353780,2.31,706831
2014-07-01,0.43,411974,1.33,1055217
2014-07-02,0.3,378610,1.79,770995
2014-07-03,0.63,271171,1.88,754123
2014-07-07,0.35,312276,2.49,661185
2014-07-08,0.32,1191136,1.95,861352
2014-07-09,0.31,389936,2.49,550190
2014-07-10,0.45,573345,1.85,806967
2014-07-11,0.3,533567,2.61,996706
2014-07-14,0.68,794344,1.45,684709
2014-07-15,0.45,1036009,1.65,703921
2014-07-16,0.32,665924,2.24,1106052
2014-07-17,0.19,1149364,2.12,1152282
2014-07-18,0.26,552106,2.43,988979
2014-07-21,0.15,354468,2.72,598550
2014-07-22,0.35,202844,1.64,572315
2014-07-23,0.27,253256,1.42,626299
2014-07-24,0.63,156014,1.96,886647
2014-07-25,0.26,264486,2.51,908705
2014-07-28,0.21,190568,1.86,538969
2014-07-29,0.21,207196,1.78,532759
2014-07-30,0.24,550154,1.59,716396
2014-07-31,0.18,1357663,1.95,1495226
2014-08-01,0.23,893603,2.36,1680185
2014-08-04,0.39,340327,2.7,926945
2014-08-05,0.35,586693,2.36,858758
2014-08-06,0.56,594359,2.22,793658
2014-08-07,0.36,614743,2.04,1173204
2014-08-08,0.55,526550,2.18,1060768
2014-08-11,0.17,968574,2.06,729255
2014-08-12,0.57,418428,1.79,936001
2014-08-13,0.44,628378,1.53,760768
2014-08-14,0.51,622580,1.84,916723
2014-08-15,0.36,870767,2.72,1242832
2014-08-18,0.48,535454,1.64,829027
2014-08-19,0.52,1139134,1.74,847705
2014-08-20,0.36,611939,1.21,933439
2014-08-21,0.1,406023,1.49,837421
2014-08-22,0.12,496895,2.15,882478
2014-08-25,0.32,392549,1.38,619390
2014-08-26,0.4,317490,1.24,596270
2014-08-27,0.24,253755,1.57,505681
2014-08-28,0.34,242815,1.68,663857
2014-08-29,0.34,207559,2.39,771083
2014-09-02,0.14,482750,1.76,575739
2014-09-03,0.43,293099,1.53,644878
2014-09-04,0.28,471195,1.47,925695
2014-09-05,0.35,372140,2.02,938754
2014-09-08,0.5,309765,1.59,620738
2014-09-09,0.39,468676,2.28,647856
2014-09-10,0.39,563990,2.64,654076
2014-09-11,0.39,557084,2.05,759280
2014-09-12,0.26,829907,2.07,1082024
2014-09-15,0.3,727045,2.19,745044
2014-09-16,0.55,1113609,1.4,829064
2014-09-17,0.4,523961,1.49,926937
2014-09-18,0.38,418501,1.57,913162
2014-09-19,0.11,755155,2.07,1054228
2014-09-22,0.34,314498,1.62,843476
2014-09-23,0.44,512553,2.11,675831
2014-09-24,0.28,613037,1.5,795715
2014-09-25,0.36,788819,1.79,1121780
2014-09-26,0.13,660260,2.47,1026736
2014-09-29,0.16,1010956,2.78,728931
2014-09-30,0.48,339875,2.11,814545
2014-10-01,0.56,624538,1.83,1367399
2014-10-02,0.37,637102,1.55,1291807
2014-10-03,0.37,747643,2.02,1057255
2014-10-06,0.65,494148,2.05,704279
2014-10-07,0.38,622845,2.09,894906
2014-10-08,0.65,791426,1.59,1231910
2014-10-09,0.27,1101988,2.09,1175648
2014-10-10,0.38,1354558,2.44,1570778
2014-10-13,0.65,1150085,2.38,1803492
2014-10-14,0.25,1633573,2.4,1681003
2014-10-15,0.48,1830287,2.46,2676064
2014-10-16,0.31,1533398,2.13,1926920
2014-10-17,0.86,764321,2.74,1303335
2014-10-20,0.6,1067313,2.3,915903
2014-10-21,0.92,1172321,1.87,1588028
2014-10-22,0.5,690356,2.22,1255721
2014-10-23,0.33,909035,1.41,1071213
2014-10-24,0.34,478717,1.68,773559
2014-10-27,0.43,146384,1.73,704649
2014-10-28,0.51,736499,1.66,1164020
2014-10-29,0.57,459769,1.41,1231074
2014-10-30,0.43,411121,1.85,914429
2014-10-31,0.5,295680,1.04,1761223
2014-11-03,0.29,348386,1.63,961862
2014-11-04,0.44,319190,1.4,666524
2014-11-05,0.4,322433,1.47,786556
2014-11-06,0.6,242513,1.24,965765
2014-11-07,0.61,304842,1.64,928639
2014-11-10,0.72,452102,1.53,784478
2014-11-11,0.36,399337,1.66,636991
2014-11-12,0.37,400455,1.32,752023
2014-11-13,0.85,385120,1.46,1030769
2014-11-14,0.82,431845,1.73,863178
2014-11-17,0.48,341932,1.86,671729
2014-11-18,1.64,633203,1.45,958904
2014-11-19,0.41,548446,1.79,879194
2014-11-20,0.68,304765,2.16,919252
2014-11-21,0.25,388897,1.58,1172710
2014-11-24,0.51,246671,1.68,620355
2014-11-25,0.33,204838,2.07,606826
2014-11-26,0.57,287249,1.58,667309
2014-11-28,0.68,252442,2.31,752214
2014-12-01,0.38,412228,2.48,725111
2014-12-02,1.67,533347,2.01,592343
2014-12-03,0.37,499594,1.24,686941
2014-12-04,0.66,331740,1.77,774986
2014-12-05,1.46,578857,1.92,1144372
2014-12-08,0.75,418757,2.11,908437
2014-12-09,0.54,517499,1.94,851762
2014-12-10,0.41,896582,1.99,956204
2014-12-11,0.42,821972,1.79,898127
2014-12-12,0.41,1353855,2.49,1502343
2014-12-15,0.4,852542,2.46,1284324
2014-12-16,0.37,1389751,2.04,1240991
2014-12-17,0.72,985739,2.63,1492634
2014-12-18,0.48,593692,1.05,1489994
2014-12-19,0.36,358470,1.7,1503606
2014-12-22,0.38,347451,1.53,783242
2014-12-23,0.35,244770,1.85,786517
2014-12-24,0.26,78952,1.62,445780
2014-12-26,0.16,143207,1.09,808873
2014-12-29,0.39,229466,1.34,620454
2014-12-30,0.5,283170,1.8,902482
2014-12-31,0.72,322891,1.48,968586
2015-01-02,0.5,370111,2.6,1092643
2015-01-05,0.43,500337,2.19,1203391
2015-01-06,1.24,520779,1.92,1148397
2015-01-07,0.87,467369,1.59,967053
2015-01-08,0.4,445971,1.71,1068332
2015-01-09,0.36,255290,2.04,1020884
2015-01-12,0.68,282720,2.39,599571
2015-01-13,0.49,508998,1.58,909486
2015-01-14,0.62,803358,2.0,1093864
2015-01-15,0.53,734901,1.71,1115816
2015-01-16,0.49,687757,2.15,1156313
2015-01-20,0.39,893815,2.03,647603
2015-01-21,0.68,688746,2.03,904479
2015-01-22,0.65,432748,1.86,923323
2015-01-23,2.06,769974,1.93,1163070
2015-01-26,0.29,272924,1.8,627267
2015-01-27,0.44,293259,1.85,709059
2015-01-28,0.44,339433,1.78,806235
2015-01-29,0.64,380660,1.99,1165819
2015-01-30,0.53,425734,2.53,1183397
2015-02-02,0.67,411214,1.63,835239
2015-02-03,0.58,370260,1.94,956485
2015-02-04,0.51,470672,2.25,641269
2015-02-05,0.64,287080,1.73,805165
2015-02-06,0.27,532844,1.76,1493445
2015-02-09,0.41,240544,1.9,763948
2015-02-10,0.82,327393,1.68,721467
2015-02-11,0.49,335101,1.85,664624
2015-02-12,1.03,698360,1.56,913194
2015-02-13,0.85,526088,1.97,1083323
2015-02-17,0.81,650968,1.74,760038
2015-02-18,0.3,547843,2.19,1126377
2015-02-19,0.44,250284,1.46,1005777
2015-02-20,0.35,426348,1.78,917104
2015-02-23,0.53,253171,1.55,617192
2015-02-24,0.58,424537,2.08,912728
2015-02-25,0.99,598908,1.89,848866
2015-02-26,1.21,274582,1.97,565132
2015-02-27,0.54,223019,2.03,971503
2015-03-02,0.76,334085,1.97,599845
2015-03-03,0.49,419607,2.54,644235
2015-03-04,0.41,258022,1.98,701390
2015-03-05,0.6,252571,2.04,505785
2015-03-06,0.77,358369,2.15,1250215
2015-03-09,0.77,183371,2.07,572370
2015-03-10,0.48,399287,1.67,1156423
2015-03-11,0.72,382267,2.26,791098
2015-03-12,0.92,444647,1.9,711795
2015-03-13,0.58,315080,2.09,1026709
2015-03-16,0.51,334498,1.79,747243
2015-03-17,0.62,421048,1.5,548051
2015-03-18,0.39,639740,2.21,1176341
2015-03-19,0.3,287634,1.39,1136972
2015-03-20,0.46,402429,1.57,983374
2015-03-23,0.44,284743,1.91,626962
2015-03-24,0.53,594579,1.97,709625
2015-03-25,0.57,387856,2.07,817451
2015-03-26,0.2,458618,1.82,1057726
2015-03-27,0.41,349821,1.89,893729
2015-03-30,0.44,219979,2.12,789968
2015-03-31,0.29,171304,1.69,675779
2015-04-01,0.3,218451,2.23,853860
2015-04-02,0.33,171914,1.9,714810
2015-04-06,0.23,281563,2.09,592067
2015-04-07,0.64,331332,1.58,674689
2015-04-08,0.42,388572,2.17,563637
2015-04-09,0.87,397009,1.88,724400
2015-04-10,0.37,1163787,2.04,994538
2015-04-13,0.77,649197,1.55,698581
2015-04-14,1.14,810477,1.9,677367
2015-04-15,0.45,587520,1.53,983434
2015-04-16,0.66,388975,1.62,750792
2015-04-17,0.32,427553,2.46,1153120
2015-04-20,0.29,365246,2.01,497246
2015-04-21,0.38,300125,1.72,604905
2015-04-22,0.92,304997,2.01,600107
2015-04-23,0.64,323502,2.16,784746
2015-04-24,0.33,396768,1.44,945366
2015-04-27,0.22,425361,2.01,749686
2015-04-28,0.69,338573,1.53,525162
2015-04-29,0.51,468302,1.85,738367
2015-04-30,0.54,398550,2.14,976821
2015-05-01,0.42,269874,1.87,1066668
2015-05-04,0.39,165518,2.38,636455
2015-05-05,0.62,302970,2.14,716690
2015-05-06,0.21,641095,1.86,944542
2015-05-07,0.33,641412,1.66,825859
2015-05-08,0.29,556777,1.66,1059904
2015-05-11,0.07,1557089,1.97,674788
2015-05-12,0.63,540769,2.74,817449
2015-05-13,0.3,370722,1.9,560574
2015-05-14,0.13,529818,1.33,986375
2015-05-15,0.34,392512,2.39,819560
2015-05-18,0.56,966283,1.85,801941
2015-05-19,1.24,744040,1.54,580029
2015-05-20,0.36,703818,2.32,699743
2015-05-21,0.32,356071,1.57,675385
2015-05-22,0.2,505369,1.97,810087
2015-05-26,0.38,364260,1.96,905114
2015-05-27,0.25,212831,1.6,764388
2015-05-28,0.24,170627,2.17,663732
2015-05-29,0.22,227860,2.67,961626
2015-06-01,0.26,228084,1.71,682533
2015-06-02,0.28,424843,2.45,686411
2015-06-03,0.25,201511,1.8,576638
2015-06-04,0.24,563936,2.98,1199080
2015-06-05,0.39,441446,2.15,1129223
2015-06-08,0.24,544305,1.92,861234
2015-06-09,0.35,520574,2.09,789044
2015-06-10,0.1,1584335,2.01,871569
2015-06-11,0.24,593665,1.95,718827
2015-06-12,0.58,701585,1.91,1064527
2015-06-15,0.32,809854,1.8,826463
2015-06-16,0.32,1212552,1.58,744932
2015-06-17,0.25,708051,2.15,864574
2015-06-18,0.18,606018,1.31,1313204
2015-06-19,0.14,440898,2.47,926342
2015-06-22,0.45,461908,1.88,781684
2015-06-23,0.43,454828,2.34,581166
2015-06-24,0.3,360184,1.91,772977
2015-06-25,0.32,244600,1.74,748493
2015-06-26,0.17,282361,1.87,1050580
2015-06-29,0.43,827264,2.63,1603544
2015-06-30,0.48,938467,2.03,1255758
2015-07-01,0.6,475144,2.26,996602
2015-07-02,0.29,845580,2.33,970609
2015-07-06,0.33,621509,1.99,889510
2015-07-07,0.47,413370,1.64,1163440
2015-07-08,0.34,378276,3.11,1040587
2015-07-09,0.31,493506,2.29,1067925
2015-07-10,0.46,776608,1.9,1231789
2015-07-13,0.13,2172317,2.12,1155766
2015-07-14,0.53,773361,1.52,852065
2015-07-15,0.44,566652,1.58,890781
2015-07-16,0.56,952755,1.25,1375938
2015-07-17,0.46,661501,1.99,949074
2015-07-20,0.75,658226,1.69,836997
2015-07-21,0.52,650332,1.83,748954
2015-07-22,0.15,649653,2.04,865507
2015-07-23,0.32,587467,1.68,902306
2015-07-24,0.28,451847,2.57,1410328
2015-07-27,0.39,743916,2.43,1088792
2015-07-28,0.38,414711,1.9,881655
2015-07-29,0.35,422595,1.75,723596
2015-07-30,0.21,229398,1.42,737312
2015-07-31,0.33,224786,2.26,958156
2015-08-03,0.46,779393,1.86,824524
2015-08-04,0.36,329212,2.12,554922
2015-08-05,0.39,568808,2.1,662828
2015-08-06,0.37,486283,1.82,1122487
2015-08-07,0.35,473267,2.06,1285905
2015-08-10,0.09,1639515,1.85,765472
2015-08-11,0.28,689087,2.1,1017555
2015-08-12,0.54,1424058,1.91,1312755
2015-08-13,0.36,833145,2.17,824633
2015-08-14,0.38,703035,2.26,823604
2015-08-17,0.37,1139892,1.51,800817
2015-08-18,0.51,984689,1.57,820760
2015-08-19,0.3,829490,1.89,1486055
2015-08-20,0.32,940615,2.34,1941250
2015-08-21,0.48,1669019,3.42,2989433
2015-08-24,0.34,1838656,3.77,2503609
2015-08-25,0.6,1333493,2.39,2042343
2015-08-26,0.29,1785831,2.52,2021630
2015-08-27,0.71,958921,2.2,1781329
2015-08-28,0.97,809907,2.13,1277472
2015-08-31,0.5,571534,2.39,1164663
2015-09-01,0.77,1550020,2.53,1447608
2015-09-02,1.26,789308,2.48,1017879
2015-09-03,0.97,1121016,1.73,1088887
2015-09-04,0.78,591019,2.87,1334101
2015-09-08,0.41,754929,1.83,1017159
2015-09-09,0.62,714835,1.95,928928
2015-09-10,0.71,749997,1.76,1106964
2015-09-11,0.66,674992,1.95,1262214
2015-09-14,0.44,643444,1.61,744566
2015-09-15,0.84,1037844,1.45,1088358
2015-09-16,0.73,714866,1.98,1398591
2015-09-17,0.42,950110,1.48,1244764
2015-09-18,0.45,526186,1.83,1291865
2015-09-21,0.7,923722,1.99,959480
2015-09-22,0.4,608636,1.65,1104119
2015-09-23,0.54,399673,1.51,995822
2015-09-24,0.36,617748,1.57,1034251
2015-09-25,0.54,446698,2.08,1160498
2015-09-28,0.36,532616,2.04,1335994
2015-09-29,0.71,513345,1.87,1042701
2015-09-30,0.22,1163598,1.52,994688
2015-10-01,0.36,575274,1.58,919051
2015-10-02,0.4,568892,1.97,1201609
2015-10-05,0.72,844241,1.52,1222388
2015-10-06,0.46,597624,1.77,978037
2015-10-07,0.45,473270,1.65,1146617
2015-10-08,0.41,740866,1.36,1164294
2015-10-09,0.62,717441,1.21,1324877
2015-10-12,0.64,830381,1.96,632714
2015-10-13,0.34,1225189,1.53,962559
2015-10-14,0.32,667718,1.74,1107641
2015-10-15,0.73,719606,1.73,1145409
2015-10-16,0.47,742245,2.11,885664
2015-10-19,0.72,1213357,1.55,850853
2015-10-20,0.66,696996,1.72,839843
2015-10-21,0.47,748187,1.98,985052
2015-10-22,0.57,600350,1.25,1266959
2015-10-23,0.2,836102,1.1,1799776
2015-10-26,0.72,210047,1.43,615386
2015-10-27,0.42,289446,1.88,791722
2015-10-28,0.33,462786,1.24,1066313
2015-10-29,0.55,302306,1.19,1475293
2015-10-30,0.9,278825,1.95,1193273
2015-11-02,0.45,437708,1.54,801220
2015-11-03,0.71,302397,1.21,1275847
2015-11-04,0.3,509708,1.53,853449
2015-11-05,0.64,393199,2.17,912347
2015-11-06,0.57,502692,1.85,1356532
2015-11-09,0.32,675854,2.53,1159652
2015-11-10,0.54,385771,1.41,599450
2015-11-11,0.26,276640,2.15,563671
2015-11-12,0.71,540715,2.2,1195674
2015-11-13,0.32,1203771,2.15,1789836
2015-11-16,0.27,1019706,1.8,1161172
2015-11-17,0.25,790586,1.88,914291
2015-11-18,0.26,494671,2.21,1341290
2015-11-19,0.3,336917,1.48,966861
2015-11-20,0.39,304355,2.11,1005690
2015-11-23,0.41,337361,2.68,756550
2015-11-24,0.2,350180,2.44,839936
2015-11-25,0.23,172907,2.28,754918
2015-11-27,0.41,227133,2.13,643807
2015-11-30,0.2,437063,2.62,951768
2015-12-01,0.49,448429,2.18,819870
2015-12-02,0.59,532668,1.78,1088339
2015-12-03,0.28,679189,2.06,1379073
2015-12-04,0.25,493615,1.66,1308244
2015-12-07,0.37,460607,2.03,712744
2015-12-08,0.47,453825,1.38,670998
2015-12-09,0.29,662232,1.7,1069622
2015-12-10,0.8,496941,1.98,1006413
2015-12-11,0.29,1498076,2.11,1701969
2015-12-14,0.37,1239178,2.59,1348160
2015-12-15,0.5,869785,1.77,1089910
2015-12-16,0.15,847506,1.63,1293538
2015-12-17,0.29,342156,1.64,1271045
2015-12-18,0.48,286737,2.14,1155933
2015-12-21,0.3,106444,1.88,802309
2015-12-22,0.34,343778,2.03,871728
2015-12-23,0.45,234601,1.64,1012008
2015-12-24,0.46,65571,1.92,462036
2015-12-28,1.02,205142,1.85,472874
2015-12-29,0.25,313099,1.74,734479
2015-12-30,0.35,147589,2.39,644697
2015-12-31,0.25,123616,1.97,943882
2016-01-04,0.26,439295,1.78,1304561
2016-01-05,0.24,370212,2.04,871282
2016-01-06,0.45,702410,1.87,1112344
2016-01-07,0.71,953327,2.24,1707915
2016-01-08,0.61,593938,2.22,1560268
2016-01-11,0.19,1118847,2.61,1506556
2016-01-12,0.54,483837,1.7,1100811
2016-01-13,0.36,673251,2.11,1306757
2016-01-14,0.22,934006,1.8,1741624
2016-01-15,0.41,1379935,2.28,1592425
2016-01-19,0.44,1117033,1.94,1002825
2016-01-20,0.3,1047123,2.39,2365944
2016-01-21,0.41,279345,1.61,1491719
2016-01-22,1.05,538769,1.65,1233587
2016-01-25,0.74,233413,1.6,814022
2016-01-26,0.62,322916,1.22,815771
2016-01-27,0.71,432441,1.53,874857
2016-01-28,0.44,646417,1.84,796555
2016-01-29,0.51,590774,1.47,1480563
2016-02-01,0.71,363893,1.72,902958
2016-02-02,0.23,688815,1.73,889689
2016-02-03,0.17,855023,1.7,1118940
2016-02-04,0.37,662216,2.21,862740
2016-02-05,0.14,803960,1.79,1242061
2016-02-08,0.31,839502,1.89,1372913
2016-02-09,0.29,779445,1.99,1022711
2016-02-10,0.41,419373,1.84,949134
2016-02-11,0.37,1224618,1.93,1371702
2016-02-12,0.31,727173,1.91,1368349
2016-02-16,0.44,913206,1.91,1113936
2016-02-17,0.44,545870,1.9,1644008
2016-02-18,0.55,560914,1.72,1242643
2016-02-19,0.35,416548,2.12,1115606
2016-02-22,0.37,761146,1.76,1148659
2016-02-23,0.28,414304,2.52,899368
2016-02-24,0.4,506471,1.87,1006596
2016-02-25,0.36,491838,1.79,913032
2016-02-26,0.91,472990,1.55,1210165
2016-02-29,0.57,379884,1.84,1007543
2016-03-01,0.45,671616,1.25,1277872
2016-03-02,0.19,1057798,1.79,1088315
2016-03-03,0.4,1042486,1.25,1237817
2016-03-04,0.43,720502,1.19,1489567
2016-03-07,0.33,450018,1.77,747241
2016-03-08,0.35,879278,1.79,884483
2016-03-09,0.29,378499,1.5,945901
2016-03-10,0.43,610672,1.75,1081395
2016-03-11,0.85,849844,1.2,1438654
2016-03-14,0.44,576593,1.5,785227
2016-03-15,0.4,709654,1.33,898588
2016-03-16,0.27,675145,1.54,1322127
2016-03-17,0.26,909573,1.06,1627004
2016-03-18,0.58,723706,1.33,1246011
2016-03-21,0.45,462089,1.54,820911
2016-03-22,0.44,399277,1.56,836546
2016-03-23,0.4,424548,1.42,963195
2016-03-24,0.48,752284,1.85,1097436
2016-03-28,0.16,446970,1.66,618344
2016-03-29,0.34,486918,1.46,819369
2016-03-30,0.41,711690,1.11,1539195
2016-03-31,0.2,412475,1.89,977322
2016-04-01,0.44,405314,1.47,1081956
2016-04-04,0.29,287502,1.42,768664
2016-04-05,0.73,408674,1.71,733267
2016-04-06,0.32,574060,1.78,761776
2016-04-07,0.41,600520,1.56,934150
2016-04-08,0.44,311448,1.9,889450
2016-04-11,0.42,341492,1.65,711243
2016-04-12,0.49,611325,1.43,746062
2016-04-13,0.26,1081872,1.05,1155086
2016-04-14,0.68,470567,1.15,1218899
2016-04-15,0.3,590917,1.78,960044
2016-04-18,0.97,757529,1.93,705765
2016-04-19,0.18,1389233,1.21,1111829
2016-04-20,0.32,778231,1.61,1541425
2016-04-21,0.66,381804,1.6,991716
2016-04-22,0.33,254558,2.06,998010
2016-04-25,0.2,648543,1.49,623275
2016-04-26,0.71,286022,1.42,618571
2016-04-27,2.24,428576,1.52,804021
2016-04-28,0.61,443048,1.52,916534
2016-04-29,1.02,726889,1.65,1422878
2016-05-02,0.82,503436,1.5,569997
2016-05-03,0.38,393139,1.99,857660
2016-05-04,0.84,482249,1.28,1066824
2016-05-05,0.88,293513,2.01,845032
2016-05-06,0.46,483722,1.72,1295379
2016-05-09,0.53,358111,2.36,616558
2016-05-10,0.56,748452,1.55,977729
2016-05-11,0.22,801065,1.84,1014466
2016-05-12,0.83,666916,1.97,838703
2016-05-13,0.54,691870,2.08,1065945
2016-05-16,0.42,805529,1.43,776725
2016-05-17,0.81,974584,1.58,1063446
2016-05-18,0.35,667829,1.61,1248659
2016-05-19,0.66,419900,1.86,1411621
2016-05-20,0.32,188349,1.5,1102835
2016-05-23,0.6,211561,1.99,875719
2016-05-24,0.75,565748,1.6,1272723
2016-05-25,0.53,599794,1.21,1277784
2016-05-26,0.6,267161,1.53,995702
2016-05-27,0.54,326146,1.51,1122522
2016-05-31,0.31,649660,1.7,1224389
2016-06-01,0.45,308435,1.71,1119037
2016-06-02,0.51,554588,1.48,892685
2016-06-03,0.39,377097,1.29,1339532
2016-06-06,0.17,743867,1.52,1232397
2016-06-07,0.3,551377,1.24,1340011
2016-06-08,0.35,475762,1.39,962413
2016-06-09,0.4,586512,1.56,892000
2016-06-10,0.56,910744,1.78,1267431
2016-06-13,0.4,1856753,2.01,1171439
2016-06-14,0.42,1496307,2.06,1414835
2016-06-15,0.77,522404,2.32,1376366
2016-06-16,1.22,748761,1.88,1528335
2016-06-17,1.43,567667,1.92,1354156
2016-06-20,0.53,702303,1.79,1039531
2016-06-21,0.71,430682,2.09,1153519
2016-06-22,0.88,699807,1.54,1387379
2016-06-23,1.29,588584,1.81,1266947
2016-06-24,0.47,990521,2.02,2174568
2016-06-27,0.47,604458,1.56,2161760
2016-06-28,0.86,664917,1.54,1698276
2016-06-29,0.81,794085,1.6,1945088
2016-06-30,0.73,752622,1.54,2065182
2016-07-01,0.38,828281,1.79,1511581
2016-07-05,0.84,585839,2.2,1084085
2016-07-06,0.52,445528,1.64,1170472
2016-07-07,0.51,386574,1.44,1174938
2016-07-08,0.9,528616,1.03,1918565
2016-07-11,0.71,463030,0.98,1650658
2016-07-12,0.45,234410,1.08,1678213
2016-07-13,0.66,479440,1.23,1177524
2016-07-14,0.43,904393,0.92,1629123
2016-07-15,0.51,593228,1.57,1212833
2016-07-18,0.53,560424,1.47,1047090
2016-07-19,0.59,785008,1.58,803344
2016-07-20,0.47,339240,1.18,1593660
2016-07-21,0.48,568426,1.66,910609
2016-07-22,0.41,333862,1.67,1032385
2016-07-25,0.46,637080,1.37,881593
2016-07-26,0.42,416954,1.42,690329
2016-07-27,0.71,538699,1.38,912989
2016-07-28,0.57,477685,1.42,1213038
2016-07-29,1.58,559224,1.64,1357176
2016-08-01,1.86,546804,1.84,882896
2016-08-02,0.42,521421,1.59,964311
2016-08-03,0.58,349459,2.05,713357
2016-08-04,0.53,512437,1.69,756422
2016-08-05,0.89,871857,1.47,1520326
2016-08-08,1.32,669630,1.43,1004857
2016-08-09,0.7,768464,1.59,831517
2016-08-10,0.34,636077,1.5,947632
2016-08-11,0.62,604067,1.57,867019
2016-08-12,0.27,615500,1.38,1002245
2016-08-15,0.31,501785,1.34,1029859
2016-08-16,0.42,529725,1.56,1057971
2016-08-17,0.39,570386,1.57,1166931
2016-08-18,0.71,484549,1.5,942090
2016-08-19,0.46,339945,1.83,1099573
2016-08-22,0.33,363281,1.51,844539
2016-08-23,0.3,427743,1.45,1008688
2016-08-24,0.28,616086,1.53,1232312
2016-08-25,1.02,290692,1.88,990396
2016-08-26,0.4,534995,1.53,1430528
2016-08-29,0.38,192472,1.45,1000601
2016-08-30,0.5,295765,1.63,998707
2016-08-31,0.6,276495,2.21,1082923
2016-09-01,0.26,309959,2.08,1021183
2016-09-02,0.42,571960,2.16,1233235
2016-09-06,0.75,534431,1.45,1185496
2016-09-07,0.32,595187,2.07,1074603
2016-09-08,0.45,324281,1.88,1047083
2016-09-09,0.6,1326969,2.04,2142378
2016-09-12,0.37,939278,1.44,2018393
2016-09-13,0.32,1358185,1.65,1336686
2016-09-14,0.35,645121,1.51,1395525
2016-09-15,0.26,838663,1.56,1266043
2016-09-16,0.58,534139,1.63,1453903
2016-09-19,0.26,542143,1.65,970901
2016-09-20,0.36,662164,1.53,859161
2016-09-21,0.26,723826,1.94,1555270
2016-09-22,0.33,750830,1.73,1643068
2016-09-23,0.25,464577,2.11,1296269
2016-09-26,0.39,293986,1.78,1112638
2016-09-27,0.27,275038,1.66,962619
2016-09-28,0.22,266388,1.45,1046448
2016-09-29,0.3,657812,1.8,1370810
2016-09-30,0.61,317960,1.69,1234744
2016-10-03,0.37,328254,1.97,914763
2016-10-04,0.34,367260,1.62,1038200
2016-10-05,0.23,324440,1.74,735041
2016-10-06,0.22,479984,1.9,786963
2016-10-07,0.32,317408,1.85,1200338
2016-10-10,0.25,275802,1.67,975330
2016-10-11,0.4,875097,1.64,1427384
2016-10-12,0.3,579069,1.95,1106368
2016-10-13,0.2,861241,1.55,1259776
2016-10-14,0.18,592854,1.69,1205022
2016-10-17,0.36,348283,1.65,911814
2016-10-18,0.45,798644,1.48,1148033
2016-10-19,0.32,391820,1.57,1210457
2016-10-20,0.37,231669,1.46,1113880
2016-10-21,0.24,425663,1.96,1318807
2016-10-24,0.3,313705,2.22,849628
2016-10-25,0.23,341617,2.03,789308
2016-10-26,0.26,402650,1.43,953358
2016-10-27,0.15,358758,1.48,1049818
2016-10-28,0.28,485690,1.83,1371771
2016-10-31,0.35,396468,1.81,951593
2016-11-01,0.74,726026,1.95,1365502
2016-11-02,0.8,609578,1.63,1380215
2016-11-03,0.49,879306,1.87,1521875
2016-11-04,1.2,1411906,1.99,1810856
2016-11-07,0.47,1060328,1.78,1596037
2016-11-08,0.78,1064094,2.14,1610845
2016-11-09,0.6,1085233,1.55,2332845
2016-11-10,0.59,1121594,1.33,1878742
2016-11-11,0.68,573491,1.86,1446742
2016-11-14,0.81,790337,1.24,1507079
2016-11-15,1.22,949075,1.35,1241031
2016-11-16,0.34,408012,1.18,1501493
2016-11-17,0.57,458136,1.14,1356477
2016-11-18,0.35,366899,1.43,1322659
2016-11-21,0.58,679362,1.26,1257484
2016-11-22,0.52,468127,1.49,1268466
2016-11-23,0.61,378835,1.42,1064965
2016-11-25,0.35,355045,1.1,1077037
2016-11-28,0.5,453528,1.63,917287
2016-11-29,0.39,238407,1.66,873703
2016-11-30,0.45,400783,1.26,1264746
2016-12-01,0.45,486283,1.46,944999
2016-12-02,0.39,315374,1.26,1103182
2016-12-05,0.56,578041,1.21,995162
2016-12-06,0.46,422621,1.16,974101
2016-12-07,0.99,525014,0.91,1734843
2016-12-08,0.71,615574,0.89,1857539
2016-12-09,0.62,523598,1.08,1610810
2016-12-12,0.38,270713,1.22,1260371
2016-12-13,0.38,843447,0.81,1588141
2016-12-14,0.37,469211,1.29,1461426
2016-12-15,1.18,410453,1.17,1311527
2016-12-16,0.49,719107,1.4,1433301
2016-12-19,1.21,812656,1.47,877079
2016-12-20,0.84,726726,1.29,881441
2016-12-21,0.61,745881,1.76,934937
2016-12-22,0.24,625104,1.29,1036074
2016-12-23,0.15,201242,1.54,567006
2016-12-27,0.32,79407,1.23,571286
2016-12-28,0.17,391065,1.49,911281
2016-12-29,0.45,189261,1.62,783843
2016-12-30,0.5,240171,1.34,1166472
2017-01-03,0.38,469305,1.58,1290036
2017-01-04,0.47,464777,1.18,1054406
2017-01-05,0.5,430249,1.66,900747
2017-01-06,0.34,517769,1.52,1276095
2017-01-09,0.5,414699,1.84,860867
2017-01-10,0.23,702086,1.8,848545
2017-01-11,0.43,1054640,1.59,1045697
2017-01-12,0.64,828432,1.52,1090856
2017-01-13,0.21,607462,1.54,1136596
2017-01-17,0.55,1002420,1.64,1166895
2017-01-18,0.45,851244,1.76,1422315
2017-01-19,0.24,405321,1.6,1087536
2017-01-20,0.53,428697,2.12,1133653
2017-01-23,0.14,427778,1.57,1154196
2017-01-24,0.37,865925,1.09,872720
2017-01-25,0.65,616418,0.97,1587128
2017-01-26,0.25,638417,1.76,827880
2017-01-27,0.35,636374,1.59,1067859
2017-01-30,0.31,746075,1.88,1215580
2017-01-31,0.29,443878,1.78,971865
2017-02-01,0.21,546581,1.62,936081
2017-02-02,0.24,611180,2.21,868687
2017-02-03,0.56,573848,1.91,1315966
2017-02-06,0.33,345728,1.61,1177406
2017-02-07,0.26,513041,1.66,789195
2017-02-08,0.69,886223,1.21,942198
2017-02-09,0.5,690689,1.34,1238839
2017-02-10,0.54,645915,1.21,1432879
2017-02-13,0.38,816104,1.17,1555950
2017-02-14,0.34,1303450,1.16,1414097
2017-02-15,0.52,1128456,1.39,1883910
2017-02-16,0.23,822592,1.65,1347467
2017-02-17,0.33,564234,1.76,1171091
2017-02-21,0.32,727980,1.15,1610181
2017-02-22,0.32,524083,1.47,1211159
2017-02-23,0.33,784042,1.26,1059824
2017-02-24,0.21,1101639,1.7,1331745
2017-02-27,0.31,440313,1.6,1123558
2017-02-28,0.51,455105,1.54,1136584
2017-03-01,0.44,471500,1.15,2119739
2017-03-02,0.71,275093,1.64,1315622
2017-03-03,0.59,351669,1.56,1318790
2017-03-06,0.35,498242,1.43,1113595
2017-03-07,0.55,947710,1.69,823042
2017-03-08,0.51,438070,1.62,1084158
2017-03-09,0.37,428136,2.07,950430
2017-03-10,0.16,474965,1.94,1107367
2017-03-13,0.35,317256,1.49,1123484
2017-03-14,0.49,575135,1.72,911642
2017-03-15,0.35,1266366,1.42,1238080
2017-03-16,0.9,546401,1.51,1228909
2017-03-17,0.55,1088267,2.54,1185911
2017-03-20,0.78,782969,2.04,1004152
2017-03-21,0.46,1647047,1.9,1264599
2017-03-22,0.26,917050,1.99,1556671
2017-03-23,0.56,522028,1.65,1097865
2017-03-24,0.31,593344,2.59,1196669
2017-03-27,0.55,628119,1.71,1259816
2017-03-28,0.48,740012,1.33,1131045
2017-03-29,0.46,601978,1.81,854286
2017-03-30,0.44,498844,1.78,1019793
2017-03-31,0.57,262635,2.0,1266633
2017-04-03,0.52,597700,2.07,951394
2017-04-04,0.23,368830,1.65,658342
2017-04-05,0.28,715988,1.65,1280776
2017-04-06,0.34,561816,1.91,765481
2017-04-07,0.46,1069584,2.35,1044266
2017-04-10,0.39,813339,1.93,831887
2017-04-11,0.51,1457644,1.57,1078258
2017-04-12,0.45,895924,1.83,1011346
2017-04-13,0.36,1324660,1.8,1438798
2017-04-17,0.29,619975,1.3,1095873
2017-04-18,0.26,1385848,1.27,947777
2017-04-19,0.1,1614434,1.7,1320446
2017-04-20,0.29,752714,1.52,1364016
2017-04-21,0.43,1195673,2.52,1174793
2017-04-24,0.47,980566,1.93,1452594
2017-04-25,0.61,801330,1.22,1678552
2017-04-26,0.41,475888,1.38,1019439
2017-04-27,0.24,578216,2.04,880310
2017-04-28,0.35,448207,1.74,1097962
2017-05-01,0.45,572596,1.51,903295
2017-05-02,0.23,739477,1.64,836379
2017-05-03,0.6,474049,2.1,993910
2017-05-04,0.41,654928,1.73,641401
2017-05-05,0.39,667565,2.02,1105190
2017-05-08,0.4,657279,1.82,1063886
2017-05-09,0.21,1242760,1.66,1062471
2017-05-10,0.34,446587,1.95,855347
2017-05-11,0.53,677002,1.55,1023498
2017-05-12,0.37,858407,2.05,995936
2017-05-15,0.37,533189,1.44,1090303
2017-05-16,0.47,1063749,1.79,890641
2017-05-17,0.28,1349750,2.29,1894339
2017-05-18,0.33,806963,1.75,1582396
2017-05-19,0.26,461362,1.93,1162270
2017-05-22,0.54,557985,2.0,796089
2017-05-23,0.29,522106,1.62,897601
2017-05-24,0.29,436228,1.63,911254
2017-05-25,0.22,474287,1.45,1264864
2017-05-26,0.21,349286,2.05,834065
2017-05-30,0.22,247003,2.23,860955
2017-05-31,0.45,545935,1.68,990784
2017-06-01,0.59,231084,1.48,1286130
2017-06-02,0.15,487664,1.47,1571035
2017-06-05,0.36,502360,1.42,895372
2017-06-06,0.49,470958,1.62,763992
2017-06-07,0.31,453665,2.45,925388
2017-06-08,0.14,473325,1.49,804702
2017-06-09,0.56,674105,1.61,1505164
2017-06-12,0.49,780934,2.14,883494
2017-06-13,0.31,331395,1.43,1001538
2017-06-14,0.3,657494,1.67,1230281
2017-06-15,0.37,411393,1.82,1227699
2017-06-16,0.25,402235,2.17,1065923
2017-06-19,0.27,746438,1.51,985352
2017-06-20,0.34,1304247,1.67,945635
2017-06-21,0.29,885392,2.87,940810
2017-06-22,0.35,347813,1.81,810222
2017-06-23,0.27,362235,2.32,884350
2017-06-26,0.24,630909,1.78,902145
2017-06-27,0.16,724323,1.57,1034512
2017-06-28,0.24,510259,2.07,885556
2017-06-29,0.59,1157813,2.27,1247188
2017-06-30,0.66,317355,2.23,1010719
2017-07-03,0.42,190149,2.16,526745
2017-07-05,0.21,509404,2.1,869087
2017-07-06,0.36,580780,1.8,1105358
2017-07-07,0.22,500730,1.84,1154782
2017-07-10,0.36,571366,1.7,1042229
2017-07-11,0.67,496180,2.15,737335
2017-07-12,0.14,1165779,1.54,956475
2017-07-13,0.63,771708,1.56,791807
2017-07-14,0.39,616113,1.46,1324065
2017-07-17,0.52,600273,1.57,986948
2017-07-18,0.56,1108309,1.38,918559
2017-07-19,0.29,940066,1.4,1280497
2017-07-20,0.25,775545,1.3,1307116
2017-07-21,0.28,1548570,1.82,1084383
2017-07-24,0.28,560312,1.81,732185
2017-07-25,0.38,725828,1.33,992170
2017-07-26,0.24,999221,1.67,1106809
2017-07-27,0.3,926496,2.14,1023731
2017-07-28,0.11,709329,2.36,984082
2017-07-31,0.21,370686,1.99,972542
2017-08-01,0.41,738627,1.58,913259
2017-08-02,0.24,799401,2.21,943636
2017-08-03,0.2,503183,2.39,754145
2017-08-04,0.54,608728,1.94,1256010
2017-08-07,0.22,569596,1.89,822940
2017-08-08,0.39,953180,2.06,1026608
2017-08-09,0.55,1838145,2.44,1216587
2017-08-10,0.29,2549921,2.08,1590529
2017-08-11,0.33,2293408,2.69,1439988
2017-08-14,0.36,1300079,1.99,1237718
2017-08-15,0.44,1352996,2.16,1056786
2017-08-16,0.19,1134258,2.24,1725486
2017-08-17,0.35,1286676,2.06,1565416
2017-08-18,0.25,995020,2.1,1714953
2017-08-21,0.51,511829,2.12,1068409
2017-08-22,0.35,635049,1.88,1313880
2017-08-23,0.28,667735,1.84,1012846
2017-08-24,0.61,522399,1.95,777216
2017-08-25,0.28,474412,2.16,1036838
2017-08-28,0.32,393818,1.81,965546
2017-08-29,0.19,1036696,1.62,918119
2017-08-30,0.25,631608,1.62,1056298
2017-08-31,0.47,429849,1.65,1374463
2017-09-01,0.19,524429,1.9,1105707
2017-09-05,0.55,1170036,2.31,1449365
2017-09-06,0.28,593098,1.78,1067065
2017-09-07,1.9,894850,2.3,847003
2017-09-08,0.27,681873,2.41,1161803
2017-09-11,0.71,792307,1.43,1587603
2017-09-12,0.56,892948,1.33,1510830
2017-09-13,0.41,739547,1.99,1041964
2017-09-14,0.43,1132086,1.66,1338366
2017-09-15,0.46,662908,2.46,1356577
2017-09-18,0.6,1556774,1.49,1350661
2017-09-19,0.41,1204244,1.32,966923
2017-09-20,0.26,816169,1.92,1393659
2017-09-21,0.16,560455,1.65,934413
2017-09-22,0.2,614764,2.44,904911
2017-09-25,0.32,2612952,1.82,1165018
2017-09-26,0.21,401290,2.09,812703
2017-09-27,0.17,392205,1.7,1352501
2017-09-28,0.44,347322,1.3,974901
2017-09-29,0.63,363051,1.82,1384563
2017-10-02,0.53,748639,1.4,1622041
2017-10-03,0.27,724156,1.2,1104503
2017-10-04,0.15,621011,1.52,1596571
2017-10-05,0.3,613658,1.22,1731934
2017-10-06,0.33,980711,1.44,1318900
2017-10-09,0.17,434619,2.35,935046
2017-10-10,0.18,775523,1.34,1008984
2017-10-11,0.15,617716,2.43,898971
2017-10-12,0.52,670469,1.79,1149620
2017-10-13,0.31,995437,2.08,1029088
2017-10-16,0.41,970499,2.02,1226261
2017-10-17,0.54,1335107,1.42,993882
2017-10-18,0.47,783298,1.54,1262109
2017-10-19,0.4,725105,1.62,1172293
2017-10-20,0.25,539581,1.55,1744872
2017-10-23,0.29,490014,1.75,1352404
2017-10-24,0.22,560702,1.91,904803
2017-10-25,0.36,896943,2.48,1618054
2017-10-26,0.36,344860,2.17,821509
2017-10-27,0.57,321840,1.41,1536197
2017-10-30,0.38,416842,1.76,1172494
2017-10-31,0.24,431336,2.11,870437
2017-11-01,0.41,437767,1.56,1340547
2017-11-02,0.26,585642,1.84,971814
2017-11-03,0.18,460611,1.82,1483461
2017-11-06,0.39,445455,1.62,1212408
2017-11-07,0.55,898616,1.67,1373232
2017-11-08,0.46,640979,2.19,961965
2017-11-09,0.29,1023059,1.85,1660410
2017-11-10,0.41,711331,2.72,1427040
2017-11-13,0.54,950335,1.75,1125221
2017-11-14,0.53,1367032,1.86,1281310
2017-11-15,0.43,828502,1.87,1616209
2017-11-16,0.36,538566,1.74,1368869
2017-11-17,0.13,754930,1.96,1468725
2017-11-20,0.56,473827,1.67,1256045
2017-11-21,0.33,566903,1.21,1781145
2017-11-22,0.31,511182,2.34,1211317
2017-11-24,0.11,199350,2.1,744353
2017-11-27,0.38,421525,1.63,1378222
2017-11-28,0.43,685085,1.13,1687832
2017-11-29,0.21,672800,1.38,1628694
2017-11-30,0.57,585162,1.21,2256744
2017-12-01,0.32,3136469,1.76,2042985
2017-12-04,0.22,715162,1.42,1530943
2017-12-05,0.21,649319,1.95,1099419
2017-12-06,0.15,747594,1.55,1191083
2017-12-07,0.24,696019,1.84,1076932
2017-12-08,0.48,466908,1.53,1447063
2017-12-11,0.47,639578,1.47,1168045
2017-12-12,0.86,698139,1.32,1522412
2017-12-13,0.35,428047,1.42,1318850
2017-12-14,0.28,689654,1.46,1600011
2017-12-15,0.54,735106,1.57,1627386
2017-12-18,0.28,839500,1.35,1438544
2017-12-19,0.54,971082,1.74,1196360
2017-12-20,0.28,581875,1.88,1175559
2017-12-21,0.35,273032,1.51,990769
2017-12-22,0.26,344004,2.08,981470
2017-12-26,0.44,107662,1.63,788577
2017-12-27,0.27,183279,1.92,887024
2017-12-28,0.25,303505,2.22,876989
2017-12-29,0.36,291799,2.37,1285008
2018-01-02,0.29,625642,2.12,1175948
2018-01-03,0.63,765282,1.24,1515091
2018-01-04,0.7,787548,1.09,1521983
2018-01-05,0.4,807783,1.76,1639490
2018-01-08,0.09,1323012,1.5,1324302
2018-01-09,0.22,579975,1.42,1293931
2018-01-10,0.31,2874148,2.07,1172116
2018-01-11,0.23,1006953,1.09,1585545
2018-01-12,0.27,1240598,1.34,1928574
2018-01-16,0.34,1819555,1.31,2047274
2018-01-17,0.38,880152,1.4,2294918
2018-01-18,0.3,697911,1.32,1666555
2018-01-19,0.65,573957,1.89,1253068
2018-01-22,0.35,655316,1.52,1462189
2018-01-23,0.3,719862,0.92,1701240
2018-01-24,0.47,960863,1.36,1626038
2018-01-25,0.31,526927,1.72,1068815
2018-01-26,0.25,468564,1.44,1794200
2018-01-29,0.28,1136566,1.33,1572759
2018-01-30,0.62,1323801,1.44,1488605
2018-01-31,0.29,1102150,1.53,1341840
2018-02-01,0.49,943404,1.81,1170824
2018-02-02,0.34,4336057,2.26,2139566
2018-02-05,0.22,3548785,2.75,2685510
2018-02-06,0.4,4193546,2.7,2754715
2018-02-07,0.32,2463059,1.96,1859200
2018-02-08,0.47,2466632,2.36,1913055
2018-02-09,0.42,1537229,2.49,3208442
2018-02-12,0.67,2099364,1.83,1824841
2018-02-13,0.46,1973444,1.91,1571144
2018-02-14,0.96,1129292,1.63,1939985
2018-02-15,0.79,590246,1.3,1744086
2018-02-16,0.67,700756,1.41,1957810
2018-02-20,0.23,677987,2.13,1120939
2018-02-21,0.53,471690,1.84,1296140
2018-02-22,0.57,432032,1.8,1115170
2018-02-23,0.49,376474,1.55,1633139
2018-02-26,0.52,614488,1.37,1688298
2018-02-27,0.79,525983,1.54,1603424
2018-02-28,0.75,581522,1.86,1350548
2018-03-01,0.38,772234,2.14,1850316
2018-03-02,0.41,1035031,2.08,1670733
2018-03-05,0.61,699092,1.69,1544552
2018-03-06,0.5,406941,1.53,951019
2018-03-07,0.48,437573,2.08,1137615
2018-03-08,0.78,1123580,1.22,884435
2018-03-09,0.61,1398243,1.12,2198099
2018-03-12,0.53,509023,1.31,1507503
2018-03-13,0.32,587605,1.35,1342472
2018-03-14,0.6,672853,1.48,1436218
2018-03-15,0.64,710769,1.34,1338814
2018-03-16,0.58,956459,1.61,1459934
2018-03-19,0.42,1333168,1.87,1722690
2018-03-20,0.52,969527,1.25,1175453
2018-03-21,0.5,447576,2.53,1250372
2018-03-22,0.52,505330,1.86,1847673
2018-03-23,0.44,499924,2.48,2160008
2018-03-26,0.42,354444,1.98,1749654
2018-03-27,0.39,259212,1.6,1534746
2018-03-28,0.63,396973,1.83,1850184
2018-03-29,0.27,476585,1.38,1875515
2018-04-02,0.41,537638,1.75,1755077
2018-04-03,0.37,424834,1.44,1375950
2018-04-04,0.5,722136,1.75,1239023
2018-04-05,0.35,521362,1.58,1204184
2018-04-06,0.3,498094,1.5,1769566
2018-04-09,0.29,299945,1.5,1340187
2018-04-10,0.29,646663,1.52,1076727
2018-04-11,0.36,547428,1.85,1440563
2018-04-12,0.61,336717,1.54,1287489
2018-04-13,0.65,819935,1.49,1492496
2018-04-16,0.59,948663,1.55,1444026
2018-04-17,0.66,1492037,1.42,1827040
2018-04-18,0.33,508482,2.06,1541268
2018-04-19,0.55,349700,1.43,1360313
2018-04-20,0.23,280276,1.66,1159305
2018-04-23,0.29,273516,1.89,781486
2018-04-24,0.31,544139,1.78,1491130
2018-04-25,0.29,612043,1.68,1396629
2018-04-26,0.3,673390,1.56,1017063
2018-04-27,0.25,589208,1.91,944647
2018-04-30,0.22,539724,1.67,1107249
2018-05-01,0.4,275250,1.7,1109554
2018-05-02,0.48,420189,1.43,1104598
2018-05-03,0.24,419896,1.4,1660826
2018-05-04,0.16,227214,1.63,1351947
2018-05-07,0.34,391355,1.58,985127
2018-05-08,0.32,607305,1.51,875989
2018-05-09,0.63,520221,1.26,1449482
2018-05-10,0.65,907207,1.15,1495220
2018-05-11,0.44,539016,1.47,1698144
2018-05-14,0.49,608521,1.38,1313053
2018-05-15,0.77,527899,1.73,1215183
2018-05-16,0.29,450308,2.05,1053682
2018-05-17,0.27,227237,1.35,1185623
2018-05-18,0.44,220159,1.98,934100
2018-05-21,0.39,501086,1.4,1035167
2018-05-22,0.34,278715,1.33,1040334
2018-05-23,0.26,356856,1.45,1204729
2018-05-24,0.2,342264,1.63,1066871
2018-05-25,0.21,266317,2.08,953675
2018-05-29,0.62,400669,1.81,1471498
2018-05-30,0.81,290856,1.65,1124368
2018-05-31,0.67,287022,1.67,1226185
2018-06-01,0.47,386693,1.88,1051785
2018-06-04,0.54,331254,1.48,980708
2018-06-05,0.24,434938,1.66,857134
2018-06-06,0.49,576955,1.44,1362850
2018-06-07,0.36,559214,1.45,1437346
2018-06-08,0.41,263420,1.67,1020420
2018-06-11,0.4,471169,1.17,1371168
2018-06-12,0.29,541138,1.28,1290810
2018-06-13,0.34,505915,1.19,1127950
2018-06-14,1.47,659462,1.33,1206823
2018-06-15,0.32,428362,1.96,1412086
2018-06-18,1.58,729311,1.6,1328832
2018-06-19,0.46,1276329,1.81,970452
2018-06-20,0.43,421163,2.08,1303740
2018-06-21,0.57,328245,1.68,1072830
2018-06-22,0.2,297866,2.08,1039313
2018-06-25,0.52,1202122,2.12,1630183
2018-06-26,0.43,424844,1.8,1052223
2018-06-27,0.51,392800,1.64,1307252
2018-06-28,0.67,535255,1.5,1288552
2018-06-29,0.32,218599,2.21,1194580
2018-07-02,0.51,264929,1.44,991944
2018-07-03,0.3,116402,1.96,714428
2018-07-05,0.35,207181,1.69,941258
2018-07-06,0.57,324483,1.76,1179222
2018-07-09,0.28,486080,1.56,1472701
2018-07-10,0.37,614628,1.56,1257840
2018-07-11,0.58,595151,1.71,896964
2018-07-12,0.43,313174,1.25,1280911
2018-07-13,0.9,417376,1.37,1338572
2018-07-16,0.25,421829,1.94,1129161
2018-07-17,0.64,861547,1.38,1243264
2018-07-18,0.47,482301,1.47,1315866
2018-07-19,0.34,215152,1.57,1324127
2018-07-20,0.43,263907,2.18,1097552
2018-07-23,0.28,442340,1.96,900010
2018-07-24,0.52,490571,1.44,1207621
2018-07-25,0.37,326041,1.22,1346786
2018-07-26,0.16,334085,0.93,1250779
2018-07-27,0.87,341346,1.93,1311863
2018-07-30,0.37,288893,1.88,1179280
2018-07-31,0.46,346885,1.63,1066619
2018-08-01,0.28,204998,2.02,890095
2018-08-02,0.32,360117,2.15,955180
2018-08-03,0.31,347800,1.87,1238722
2018-08-06,0.34,409538,1.35,1173339
2018-08-07,0.35,488174,1.31,1277343
2018-08-08,0.56,646465,1.33,1183035
2018-08-09,0.26,525402,1.32,947740
2018-08-10,0.37,592753,2.17,1676522
2018-08-13,0.44,607471,2.64,1179826
2018-08-14,0.34,469990,2.48,788284
2018-08-15,0.67,939607,1.79,1819199
2018-08-16,0.44,638764,1.8,1325178
2018-08-17,0.36,347249,1.81,1425392
2018-08-20,0.31,415617,1.81,1102805
2018-08-21,0.55,881822,1.15,1387091
2018-08-22,0.42,381345,1.54,1272448
2018-08-23,0.5,327993,1.36,948458
2018-08-24,0.21,394113,2.09,1247605
2018-08-27,0.21,221644,0.99,1847129
2018-08-28,0.33,408359,1.2,1508815
2018-08-29,0.71,273515,0.91,1564350
2018-08-30,0.24,488983,1.29,1492034
2018-08-31,0.36,262365,1.77,1292781
2018-09-04,0.21,406490,1.56,1191235
2018-09-05,0.42,453861,1.57,1311800
2018-09-06,0.62,440583,1.87,1352926
2018-09-07,0.77,411868,2.27,1374999
2018-09-10,0.59,279351,2.47,1060576
2018-09-11,0.4,477372,1.8,1042368
2018-09-12,0.3,632173,1.83,1178286
2018-09-13,0.57,932193,1.78,1269277
2018-09-14,0.26,683631,1.73,1373353
2018-09-17,0.37,494968,1.75,1260632
2018-09-18,0.56,867293,1.6,1144000
2018-09-19,0.71,989869,2.39,1189016
2018-09-20,0.43,403312,1.6,2175000
2018-09-21,0.36,511973,1.68,1703527
2018-09-24,0.38,281370,1.89,1321469
2018-09-25,0.61,259746,2.04,879351
2018-09-26,0.43,541962,1.71,1092161
2018-09-27,0.25,312590,2.22,1283825
2018-09-28,0.41,268835,2.13,1408274
2018-10-01,0.64,289529,1.65,1169616
2018-10-02,0.55,280234,1.96,776224
2018-10-03,0.42,485012,1.63,1148588
2018-10-04,0.37,1354920,2.11,1757244
2018-10-05,0.38,1000053,2.17,1652696
2018-10-08,0.85,878609,1.75,1570798
2018-10-09,0.43,848180,1.88,963899
2018-10-10,0.36,1718740,1.9,2713539
2018-10-11,0.35,2067472,2.46,2959909
2018-10-12,0.35,1132753,2.12,2356279
2018-10-15,0.42,1299734,1.63,1634942
2018-10-16,0.58,998161,1.57,1825854
2018-10-17,0.38,662339,2.24,1726440
2018-10-18,0.46,399531,1.74,1749349
2018-10-19,0.33,469581,1.8,1604537
2018-10-22,0.34,246572,1.74,1387684
2018-10-23,0.35,560141,1.45,2089057
2018-10-24,0.88,773841,1.86,1886430
2018-10-25,0.24,853744,1.42,2262227
2018-10-26,0.36,815755,2.21,2378230
2018-10-29,0.97,485909,1.81,1885261
2018-10-30,0.69,413891,1.66,1951109
2018-10-31,0.93,494616,1.33,1834674
2018-11-01,0.95,403375,1.43,1303838
2018-11-02,0.56,430055,1.34,1493225
2018-11-05,0.64,310454,1.63,1310984
2018-11-06,1.59,1027764,1.29,1183000
2018-11-07,0.82,857034,1.44,2136739
2018-11-08,0.42,640368,1.52,1295414
2018-11-09,0.55,609492,1.44,1544427
2018-11-12,0.51,319754,1.41,1515757
2018-11-13,0.52,561539,1.41,1551989
2018-11-14,0.39,651571,1.91,1636916
2018-11-15,0.43,513624,1.42,1807502
2018-11-16,0.75,600674,1.43,1612879
2018-11-19,0.34,628732,1.47,1463067
2018-11-20,0.29,1188533,1.25,1903874
2018-11-21,0.41,509582,1.85,1534596
2018-11-23,0.31,67228,1.69,1022517
2018-11-26,0.24,285466,1.57,1878935
2018-11-27,0.57,292528,1.4,1322841
2018-11-28,0.45,512470,1.18,1760137
2018-11-29,0.68,472706,1.18,1425335
2018-11-30,0.51,483436,1.09,1875406
2018-12-03,0.58,484456,1.46,1542066
2018-12-04,0.3,608800,1.57,2199345
2018-12-06,0.48,1196650,1.77,2066734
2018-12-07,0.36,505728,1.9,2110741
2018-12-10,0.43,484078,1.38,2262791
2018-12-11,0.38,569869,1.49,1447980
2018-12-12,0.62,450627,1.51,1766014
2018-12-13,0.61,416530,1.36,1285447
2018-12-14,0.34,521833,1.7,2043201
2018-12-17,0.34,799273,1.82,2151913
2018-12-18,0.43,1092269,1.61,2004676
2018-12-19,0.49,504117,1.89,2632795
2018-12-20,0.48,419342,2.04,2939799
2018-12-21,0.16,1022994,2.06,2571584
2018-12-24,0.2,457578,1.9,1884863
2018-12-26,0.36,752814,1.77,2325233
2018-12-27,0.43,437722,1.25,1998253
2018-12-28,0.34,443009,1.28,1836299
2018-12-31,0.43,397968,1.34,1629113
2019-01-02,0.42,641879,1.57,1909264
2019-01-03,0.45,297010,1.75,1518382
2019-01-04,0.96,613219,1.43,1880636
2019-01-07,0.44,645268,1.62,1221371
2019-01-08,0.54,727605,1.59,1464203
2019-01-09,0.59,554277,1.39,1363017
2019-01-10,0.78,433306,1.62,1376271
2019-01-11,0.58,567765,1.74,1641037
2019-01-14,0.75,452206,1.56,991895
2019-01-15,0.69,692215,1.55,1490842
2019-01-16,0.35,625646,1.82,1608442
2019-01-17,0.32,449499,1.29,1276223
2019-01-18,0.2,664395,1.37,2026103
2019-01-22,0.27,411486,1.47,1402919
2019-01-23,0.84,449962,1.9,1029260
2019-01-24,0.3,349479,1.84,804144
2019-01-25,0.76,318234,1.23,1198109
2019-01-28,0.32,385672,1.64,1090591
2019-01-29,0.42,169883,1.81,669535
2019-01-30,1.13,335232,1.29,1232624
2019-01-31,0.95,684333,1.29,1423245
2019-02-01,0.53,302636,1.87,1550893
2019-02-04,0.41,598864,1.52,927287
2019-02-05,0.83,625584,1.48,1107319
2019-02-06,0.39,536767,1.72,1218078
2019-02-07,0.6,519570,1.62,1342048
2019-02-08,0.39,300755,2.26,1204720
2019-02-11,0.49,399493,1.44,999354
2019-02-12,0.4,879590,1.43,1050417
2019-02-13,0.93,493418,2.0,1482647
2019-02-14,0.2,257499,1.42,1304469
2019-02-15,0.27,427531,1.35,1259454
2019-02-19,0.22,422568,1.58,914662
2019-02-20,0.58,396188,1.41,920995
2019-02-21,0.22,280175,1.62,1169530
2019-02-22,0.14,502024,1.82,1161494
2019-02-25,0.29,1094488,2.03,1154154
2019-02-26,0.18,517376,1.8,1076462
2019-02-27,0.23,347147,2.02,885792
2019-02-28,0.54,318514,1.82,1124041
2019-03-01,0.37,425859,1.94,1212754
2019-03-04,0.46,1076026,1.93,1416736
2019-03-05,0.22,288973,1.88,938354
2019-03-06,0.76,331541,1.7,1091786
2019-03-07,0.72,524611,1.6,1403550
2019-03-08,0.24,669688,1.64,1547125
2019-03-11,0.25,503803,1.58,1215391
2019-03-12,0.45,356773,1.54,1076394
2019-03-13,0.64,1205674,1.72,1628354
2019-03-14,0.55,697325,1.61,1142820
2019-03-15,0.73,1006521,1.71,1484209
2019-03-18,0.52,697097,1.44,1176720
2019-03-19,0.26,575219,1.9,1344204
2019-03-20,0.27,442971,1.57,1212093
2019-03-21,0.47,239642,1.49,937854
2019-03-22,0.19,839749,1.72,1495906
2019-03-25,0.14,578209,1.66,1078514
2019-03-26,0.17,345170,1.96,957026
2019-03-27,0.44,334802,1.74,1070121
2019-03-28,0.34,256725,1.28,907069
2019-03-29,0.21,279822,1.69,1225714
2019-04-01,0.14,331469,1.37,1382033
2019-04-02,0.34,543580,1.74,920603
2019-04-03,0.37,455600,1.47,1447899
2019-04-04,0.24,256573,1.45,903734
2019-04-05,0.44,436354,1.35,1153916
2019-04-08,0.16,532514,1.36,956660
2019-04-09,0.28,482133,1.5,1052027
2019-04-10,0.44,425971,2.14,776836
2019-04-11,0.73,663925,2.16,663729
2019-04-12,0.58,1058606,1.55,1177390
2019-04-15,0.7,590263,1.67,1040362
2019-04-16,1.49,898476,2.11,977870
2019-04-17,0.15,416928,1.39,1647079
2019-04-18,0.18,308832,1.79,1265643
2019-04-22,0.41,267901,1.46,1037549
2019-04-23,0.13,358254,1.54,1215146
2019-04-24,0.38,327693,1.84,1060921
2019-04-25,0.35,496494,1.79,933881
2019-04-26,0.4,304595,1.87,1060354
2019-04-29,0.34,255922,1.58,1211806
2019-04-30,0.29,321356,1.97,1291963
2019-05-01,0.12,306204,1.7,1313624
2019-05-02,0.43,638641,1.52,1318180
2019-05-03,0.22,541832,1.88,1247939
2019-05-06,0.44,655154,2.13,1470248
2019-05-07,0.33,2401417,2.31,1818485
2019-05-08,1.4,740877,1.99,1317132
2019-05-09,0.65,1280238,2.54,1721869
2019-05-10,1.11,773389,1.93,1799416
2019-05-13,0.51,1176168,1.72,1824569
2019-05-14,0.57,595426,1.95,1316411
2019-05-15,0.76,687785,1.9,1235431
2019-05-16,0.75,884427,1.32,1503500
2019-05-17,0.46,714793,1.98,1408132
2019-05-20,0.31,571092,1.8,972874
2019-05-21,1.2,1016332,1.87,900346
2019-05-22,0.37,445909,1.73,1127128
2019-05-23,0.62,374256,1.6,1480550
2019-05-24,0.34,269067,1.81,1102997
2019-05-28,0.42,209125,1.93,1202901
2019-05-29,0.81,656080,2.06,2023165
2019-05-30,0.53,301203,1.76,1203316
2019-05-31,0.54,449077,1.64,2020937
2019-06-03,0.49,292429,1.88,1522871
2019-06-04,0.45,424749,1.52,1251952
2019-06-05,0.24,241575,1.6,1278564
2019-06-06,0.14,355495,1.41,1107781
2019-06-07,0.37,496789,1.48,1682919
2019-06-10,0.42,435507,1.06,1226394
2019-06-11,0.81,415688,1.43,1051776
2019-06-12,0.5,356049,1.55,1036926
2019-06-13,0.34,369388,1.83,847589
2019-06-14,0.48,385255,1.87,1065723
2019-06-17,0.59,430333,1.97,1030424
2019-06-18,0.84,796148,1.48,1538269
2019-06-19,0.33,567366,1.52,1547617
2019-06-20,0.65,483591,1.24,2139785
2019-06-21,0.28,454373,1.77,1530794
2019-06-24,0.27,260444,1.39,1003492
2019-06-25,0.27,229778,1.75,1369797
2019-06-26,0.91,247153,1.62,1063961
2019-06-27,0.59,361863,1.7,923897
2019-06-28,0.56,259678,1.36,1409415
2019-07-01,0.33,491105,1.52,1485072
2019-07-02,0.24,650643,1.53,1029580
2019-07-03,0.42,314861,1.09,1028706
2019-07-05,0.53,366724,1.64,1355801
2019-07-08,0.53,417949,1.62,1324271
2019-07-09,0.61,379712,2.14,748554
2019-07-10,1.19,563376,1.72,1189549
2019-07-11,0.49,462146,1.82,975064
2019-07-12,0.34,466341,1.87,1238693
2019-07-15,0.74,363051,1.82,1192504
2019-07-16,0.61,746550,1.72,1210128
2019-07-17,0.28,378058,1.99,1266171
2019-07-18,0.37,339734,1.74,1367010
2019-07-19,0.59,440474,2.43,1575981
2019-07-22,0.24,157870,1.8,1012998
2019-07-23,0.34,682293,1.61,800979
2019-07-24,0.13,729898,1.53,1201647
2019-07-25,0.15,620494,1.95,838297
2019-07-26,0.12,592077,1.63,1053754
2019-07-29,0.09,481557,1.94,879678
2019-07-30,0.46,407585,2.19,932289
2019-07-31,0.41,675101,1.99,1289796
2019-08-01,0.31,1461316,2.55,1640884
2019-08-02,0.3,1284122,2.53,1973205
2019-08-05,0.24,1615021,2.58,2606422
2019-08-06,0.27,722560,2.18,1732045
2019-08-07,0.45,444283,1.85,1492825
2019-08-08,1.19,562246,1.72,1274475
2019-08-09,0.42,399977,1.64,1422891
2019-08-12,0.35,533468,2.31,1189302
2019-08-13,0.29,822452,2.2,1277929
2019-08-14,0.53,971894,2.31,2163337
2019-08-15,0.34,732284,2.3,1472527
2019-08-16,0.45,637318,2.22,1687294
2019-08-19,0.5,570170,2.33,1255338
2019-08-20,0.32,683296,2.21,871754
2019-08-21,0.41,597673,2.87,1286583
2019-08-22,0.18,415523,2.04,889497
2019-08-23,0.48,424541,1.92,1935743
2019-08-26,0.44,293551,2.22,1327591
2019-08-27,0.37,437995,2.15,1064693
2019-08-28,0.82,678641,2.1,1299987
2019-08-29,0.17,529862,2.26,1199977
2019-08-30,0.36,146849,2.38,1574041
2019-09-03,0.52,322984,2.08,1183696
2019-09-04,0.52,352688,2.25,1254299
2019-09-05,0.29,447421,1.62,1489548
2019-09-06,0.15,383967,2.26,1364238
2019-09-09,0.36,449390,2.26,1309399
2019-09-10,0.38,416056,1.61,1012432
2019-09-11,0.38,544806,1.56,1229068
2019-09-12,0.37,633105,1.7,1429448
2019-09-13,0.59,901080,2.09,1375327
2019-09-16,0.72,337567,2.28,1208649
2019-09-17,0.52,1014509,1.78,1065893
2019-09-18,0.58,1221417,1.83,1790769
2019-09-19,0.32,490258,1.85,1546427
2019-09-20,0.3,285940,1.95,1573906
2019-09-23,0.32,169468,2.29,1127479
2019-09-24,0.25,615229,2.49,1512704
2019-09-25,0.77,350093,2.03,1310739
2019-09-26,0.89,292718,1.9,935734
2019-09-27,0.37,471690,2.31,1829612
2019-09-30,0.81,243740,2.26,1200417
2019-10-01,0.97,375080,2.07,1213727
2019-10-02,0.56,759751,1.82,2267460
2019-10-03,0.46,399955,2.42,1547116
2019-10-04,0.49,401141,2.32,1453483
2019-10-07,0.16,304163,1.75,1109175
2019-10-08,0.56,693653,1.71,1197655
2019-10-09,0.35,269798,2.3,1074665
2019-10-10,0.73,323699,1.72,1246904
2019-10-11,1.12,809376,1.77,1740135
2019-10-14,0.92,643534,1.99,1167873
2019-10-15,1.14,747997,1.97,1390507
2019-10-16,0.51,374433,1.75,1559984
2019-10-17,0.35,341328,1.6,1209540
2019-10-18,0.34,208911,1.75,1433833
2019-10-21,0.37,167549,1.72,947971
2019-10-22,0.53,210060,1.97,809002
2019-10-23,0.11,185841,1.81,910342
2019-10-24,0.18,254473,1.55,789892
2019-10-25,0.44,308684,1.41,1145189
2019-10-28,0.49,317287,1.73,1248906
2019-10-29,0.17,340124,1.97,946858
2019-10-30,0.99,519449,1.91,1138386
2019-10-31,0.79,367596,1.72,1520027
2019-11-01,0.53,365449,1.2,1425147
2019-11-04,0.16,391870,1.18,1261719
2019-11-05,0.43,370634,1.62,881251
2019-11-06,1.17,337707,1.7,902983
2019-11-07,0.57,367627,0.99,1147338
2019-11-08,0.65,263148,1.89,1049875
2019-11-11,0.48,239703,1.66,913839
2019-11-12,0.44,479271,1.85,976815
2019-11-13,0.7,304041,1.98,1221218
2019-11-14,0.38,480351,1.97,1148176
2019-11-15,0.89,751474,1.43,1489099
2019-11-18,0.8,404478,1.4,1098191
2019-11-19,1.98,820008,1.8,865324
2019-11-20,0.62,676112,1.96,1452936
2019-11-21,1.05,296166,2.59,920337
2019-11-22,1.63,253210,2.0,1083025
2019-11-25,0.47,379716,1.71,1137364
2019-11-26,0.31,325110,1.58,898498
2019-11-27,0.35,157119,1.22,1415400
2019-11-29,0.11,146157,2.03,854772
2019-12-02,0.61,574502,1.81,1602242
2019-12-03,0.91,466939,1.65,1383249
2019-12-04,0.92,259987,1.8,1165811
2019-12-05,0.53,228895,2.01,725604
2019-12-06,0.56,248133,1.55,1451081
2019-12-09,0.79,427455,2.3,1146209
2019-12-10,0.71,535601,1.99,950755
2019-12-11,1.43,703775,1.67,1022943
2019-12-12,0.73,472160,1.29,1421315
2019-12-13,1.98,1237598,1.85,1830552
2019-12-16,1.41,873784,1.27,1827236
2019-12-17,0.37,602530,1.53,1114734
2019-12-18,0.46,643000,2.07,1250112
2019-12-19,0.53,225079,1.35,1302144
2019-12-20,0.63,342496,1.26,1768186
2019-12-23,0.22,123901,1.52,1047747
2019-12-24,0.46,41355,2.23,445285
2019-12-26,0.28,122451,1.9,693515
2019-12-27,0.57,206928,1.71,1221161
2019-12-30,1.01,314493,1.46,1217649
2019-12-31,0.75,379196,1.51,1403924
2020-01-02,0.48,350299,1.88,1102242
2020-01-03,0.54,316680,2.1,1509824
2020-01-06,0.46,340834,1.89,1279667
2020-01-07,0.4,345666,1.79,979847
2020-01-08,0.28,384070,1.51,1505936
2020-01-09,0.25,588912,1.36,1289040
2020-01-10,0.67,583884,1.99,1508958
2020-01-13,0.36,351034,1.55,1407130
2020-01-14,0.44,452690,1.73,1224013
2020-01-15,0.17,442236,1.68,1456128
2020-01-16,0.18,473275,1.62,1485799
2020-01-17,0.25,826583,1.45,1596881
2020-01-21,0.6,641481,1.88,1128940
2020-01-22,0.38,453510,1.94,1407485
2020-01-23,0.29,451997,1.97,1063729
2020-01-24,0.82,754993,2.25,1823174
2020-01-27,0.52,655352,1.95,1757998
2020-01-28,0.32,471662,1.69,1036983
2020-01-29,0.62,286807,2.0,1185196
2020-01-30,0.42,325720,1.69,1192591
2020-01-31,0.46,902123,1.82,1951640
2020-02-03,0.33,441243,1.89,1240402
2020-02-04,0.59,377827,1.7,1360234
2020-02-05,0.42,355589,1.56,1398963
2020-02-06,0.53,559289,1.52,1164100
2020-02-07,0.54,212311,1.94,1401943
2020-02-10,0.55,231292,1.83,1201764
2020-02-11,0.69,314108,1.38,1452995
2020-02-12,0.23,498965,1.76,1366090
2020-02-13,0.39,382600,1.88,1172668
2020-02-14,0.42,303430,1.67,1321453
2020-02-18,0.48,896202,1.79,1623180
2020-02-19,0.33,432558,2.04,1648542
2020-02-20,0.49,525915,1.82,1624428
2020-02-21,0.85,523220,2.08,1775638
2020-02-24,0.44,1547987,2.15,2754832
2020-02-25,0.55,1546880,2.38,2375131
2020-02-26,0.74,880080,2.05,2534661
2020-02-27,0.72,1309547,2.35,2826640
2020-02-28,0.65,1485775,2.19,3593415
2020-03-02,2.49,1108103,1.54,2282581
2020-03-03,0.39,1711323,1.29,1575781
2020-03-04,0.75,633348,1.33,2073964
2020-03-05,0.39,1714614,1.9,1509855
2020-03-06,0.88,2330429,2.29,2425223
2020-03-09,2.31,2264772,2.33,2340260
2020-03-10,1.16,1277866,1.9,2075036
2020-03-11,1.1,1797505,2.27,2167211
2020-03-12,1.17,1712200,1.56,3038159
2020-03-13,1.04,2055169,1.58,3209449
2020-03-16,0.82,1357268,1.75,1902688
2020-03-17,0.35,1549467,2.03,1954248
2020-03-18,0.7,1030431,2.48,2514072
2020-03-19,1.37,630034,1.3,1812253
2020-03-20,1.61,877238,1.42,1732896
2020-03-23,2.67,764172,1.36,1593954
2020-03-24,1.0,807516,1.16,1522470
2020-03-25,0.91,514502,1.11,1740055
2020-03-26,0.96,356107,1.44,1393379
2020-03-27,1.2,504563,1.43,1428892
2020-03-30,2.16,423605,1.38,1310523
2020-03-31,1.3,554523,1.38,1557509
2020-04-01,1.14,304774,1.63,1399752
2020-04-02,1.62,230296,1.57,1123403
2020-04-03,0.66,351100,1.72,1362044
2020-04-06,1.14,536473,1.27,1421641
2020-04-07,1.67,380770,1.12,1315103
2020-04-08,1.11,325232,1.39,1262348
2020-04-09,0.81,439073,1.27,1418972
2020-04-13,0.95,314831,1.3,1007130
2020-04-14,1.79,648754,1.31,1236174
2020-04-15,0.45,461199,1.53,1343676
2020-04-16,0.84,195115,1.55,1052251
2020-04-17,0.79,266939,1.33,1250458
2020-04-20,1.13,215870,1.54,1073532
2020-04-21,0.85,317210,1.6,885838
2020-04-22,0.9,130262,1.41,855718
2020-04-23,0.65,249760,1.69,837918
2020-04-24,2.05,323087,1.5,1125759
2020-04-27,1.95,461360,1.66,1079039
2020-04-28,1.76,295598,1.61,809444
2020-04-29,2.19,343190,1.44,1271015
2020-04-30,0.68,217500,1.62,1117295
2020-05-01,0.9,273692,1.8,1349888
2020-05-04,0.56,222559,1.46,972657
2020-05-05,0.52,249683,2.05,854848
2020-05-06,0.37,199379,1.7,908706
2020-05-07,0.42,395276,1.88,819507
2020-05-08,0.96,382140,1.6,1093665
2020-05-11,1.27,421583,1.31,1127591
2020-05-12,0.91,387272,1.72,960475
2020-05-13,0.89,612344,1.84,1642649
2020-05-14,0.77,443093,1.55,1207721
2020-05-15,0.27,579677,1.49,1120115
2020-05-18,0.71,390069,1.24,1212384
2020-05-19,0.96,545647,1.2,789875
2020-05-20,1.08,454117,1.34,1046078
2020-05-21,1.63,276507,1.44,698409
2020-05-22,0.47,146726,1.5,960660
2020-05-26,0.34,334053,1.55,1200489
2020-05-27,0.8,223827,1.4,1256604
2020-05-28,0.65,308644,1.27,1150737
2020-05-29,1.4,193827,1.4,1233826
2020-06-01,0.66,202292,1.56,904020
2020-06-02,1.39,380766,1.41,882219
2020-06-03,0.98,464434,1.08,1559328
2020-06-04,1.47,240832,1.76,886695
2020-06-05,2.04,351507,1.05,1894662
2020-06-08,1.56,320229,1.07,1249640
2020-06-09,1.25,372416,1.97,909186
2020-06-10,1.11,267652,1.38,1112532
2020-06-11,0.59,964058,2.15,1717216
2020-06-12,0.54,1341374,1.89,1712328
